RTTUZYUW RUEWMCS0124 1482140-UUUU--RUCRNAD
ZNR UUUUU
R 282140Z MAY 14 PSN 222876H27
FM CNO WASHINGTON DC//N1//
TO NAVADMIN
INFO CNO WASHINGTON DC//N1//
BT
UNCLAS//N01420//
NAVADMIN 124/14

MSGID/GENADMIN/CNO WASHINGTON DC/N1/MAY//

SUBJ/ACTIVE-DUTY PROMOTIONS TO THE PERMANENT GRADES OF CAPTAIN, COMMANDER, 
LIEUTENANT COMMANDER, LIEUTENANT, AND CHIEF WARRANT OFFICERS IN THE LINE AND 
STAFF CORPS//

RMKS/1.  Congratulations to the following officers on their promotions to the 
ranks indicated in this message.  This NAVADMIN is the authority for 
effecting permanent officer promotions on the dates indicated.  Columns read 
name and designator.
                       PERMANENT PROMOTION TO CAPTAIN
SENATE CONFIRMATION DATE 31 MARCH 2014
                          DOR/EFF DATE 1 SEPTEMBER 2013
 Rabchenia William        6110 
               CAPTAIN LINE AND STAFF SENATE CONFIRMATION DATE
                  LINE 6 JUNE 2013      STAFF 6 JUNE 2013
                          DOR/EFF DATE 1 JUNE 2014
 Archibald Herman Leon    1820         Bonnette Richard Alan    4100
 Boyle Christopher John   1320         Deguzman Robert Kenneth  3100
 Gebo Brian A             1310         Giannetti Michael Joseph 1310
 Johnson Viviana V        2100         Katson Mery Angela Sanab 1200
 Leblanc Jean Marcel      1310         Lee Gabriel              2100
 Lintz William A          1810         Prendergast Gerald Richa 1440
 Vinci Gregory G Jr       5100         Vorce Jeffrey Michael    1310
 Zuzelski Kimberly Ann    2300      
                      PERMANENT PROMOTION TO COMMANDER
              COMMANDER LINE AND STAFF SENATE CONFIRMATION DATE
                 LINE 6 JUNE 2013      STAFF 1 AUGUST 2013
                          DOR/EFF DATE 1 OCTOBER 2013
 Parks Carl Livingston    1440         Skelton Sharn R          1110
                          DOR/EFF DATE 1 JUNE 2014
 Ballinger Andrew John    1510         Binder Brian Andrew      1310
 Blair Joseph Scott       4100         Bowman John Allen        1110
 Brajer Jori Shanon       2300         Bryan Coleman Jackson Jr 2100
 Canfield Burt J          1120         Choe Chong H             2100
 Conway Brian David       1320         Cruz Samya V             2100
 Dotson Christopher D     1310         Endress Jason William    3100
 Espiritu Jed Roshen      1200         Farnsworth Marc Kristian 1520
 Fraser Joseph Daniel     1830         Greene Luke B            5100
 Haggerty Brian Joseph    1120         Hockett Jeffrey Lee      2200
 Kipp Jason D             1110         Kriewaldt Hannah Altha   1440
 Lawrenz Ryan Edwin       1310         Leiby Jeremy Lane        1310
 Levy Joseph Michael      1310         Papson Rowena E          2100
 Reiss Daniel J           1120         Reynolds Erik Jon        1650
 Seymour Matthew David    2900         Sherwood Colby Winton    1110
 Shipman Jeffrey R        6400         Skarosi David W          1310
 Tukes Keith Allen        6490         Warden Christopher James 1310
 Wickman Robert Gregory   1310         Williams Michelle Marie  3100
                 PERMANENT PROMOTION TO LIEUTENANT COMMANDER
SENATE CONFIRMATION DATE 31 MARCH 2014
                          DOR/EFF DATE 1 DECEMBER 2012
 Ogwo Ogwo Uko            2900
SENATE CONFIRMATION DATE 22 SEPTEMBER 2012      
                          DOR/EFF DATE 1 SEPTEMBER 2013
 Johnson Zhivago S        1820
        LIEUTENANT COMMANDER LINE AND STAFF SENATE CONFIRMATION DATE
             LINE 25 SEPTEMBER 2013      STAFF 25 SEPTEMBER 2013
                          DOR/EFF DATE 1 MAY 2014
 Beuttenmuller Peter Thom 1830         Stuflick Todd Leland     6120
                          DOR/EFF DATE 1 JUNE 2014
 Abbott Charles B         1320         Alvarado Diego F         1110
 Anthony Brian Sheldon    1110         Bell Charles F III       1830
 Bennett Christopher Bria 1320         Burgess Ian M            1320
 Calestini Marc Lodovico  2100         Catubig Edwin Rusiana    6130
 Constantino Dominador D  2300         Corley William M         1200
 Crabtree Robin Donnelly  2500         Crane Gabrielle Ann      2900
 Cunningham Jennifer Lee  2100         Desousa Cristiano Silva  4100
 Dobbs James Rosson       1320         Eisenmenger Seth R       1320
 Eliot Colin Alexander    2200         Emanuelsen Kirk David II 1320
 Etim Ann Eka Patricia    2100         Field Peter A            1110
 Fletcher Raymond Dow     5100         Foote David J            1320
 Ford Daniel R            1320         Freeman Warren Jr        6130
 Funari Leo Paul Jr       6260         Gerber Kimberly Joy Co   2900
 Gianino Andrew Dean      6130         Gilson Ann K             1320
 Graewert Eric K          1810         Hemminger Daniel Lee     1460
 Ingram Ryan Christopher  1320         Long Jonathan Edward     1110
 McCloud Lee Otis         6160         Moore Kyle Christopher   1820
 Nelson Jason A           1110         Ng Wendy S               1110
 Oakes Joshua D           1110         Pfeiffer Michael W       1310
 Phillips Clinton E       1650         Phillips Jodi Marie      2300
 Ramsey Jeremy Kenneth    2100         Richer Christian P       1320
 Ridings Catherine Louise 2100         Rogers Justin Leonard    2200
 Rosedale Michael James   2100         Sweetser Jared Joseph    3100
 Walsh Matthew P          1310         Wiggins Adrienne Michell 6120
 Yancey Wesley Walter     1310      
                      PERMANENT PROMOTION TO LIEUTENANT
                          DOR/EFF DATE 1 JUNE 2013
 Jackson Christopher Davi 1110      
                          DOR/EFF DATE 1 APRIL 2014
 Chester Daniel Arthur    4100         Eddy Tiffany Ann         4100
 Goddard Chad Andrew      4100         Hinton Megan M           2300
 Orr Matthew James        2300      
                          DOR/EFF DATE 1 MAY 2014
 Endrelunas Adam Karl     1110         Goldstein Andrea Natalie 1830
 Norris James Joseph Jr   1160         Passmore Guy Leonard Jr  4100
 Redmon Shawn Patrick     4100         Smith Charles Richard    6480
 Wake John Alan Jr        1320      
                          DOR/EFF DATE 1 JUNE 2014
 Abernethy Alana Marie    1110         Ablen Mariakatrin E      1110
 Abuzeid George Assad     1310         Acosta Ernesto Hubert    1110
 Adams Alexandra Lee      1320         Adams Luke J             1110
 Adcock Michael P         1170         Adelsen Andrew Dale      1170
 Adesanya Kehinde A       1110         Aguilera Daniel Trujillo 1310
 Agyepong Kwadwo Sefa     1460         Aiello Paul D            1110
 Albachten Bradley K      1310         Albrecht Dale A          1810
 Alfstad Garrett Medrano  1310         Allen Robert L           1460
 Allen Rosa Maria         3100         Allison Andrew Jay       1120
 Allphin Bruce M          1310         Altschul Kelly Catherine 1320
 Alvarez Joseph E         1320         Amakhtari Omar           1110
 Anderson Daniel Leroy    2300         Anderson Joshua M        1170
 Anderson Stuart Baldwin  1310         Andrews Michael Paul     1320
 Anyika Kwame Nkosi       1310         Archer Joshua Harold     1110
 Arena Anthony Salvatore  1110         Arment Tyrell Wayne      1170
 Armenteros Daniel        1310         Arneson Kyle Cameron     1110
 Arnold Chantel Kathryn   1110         Arnold Drake E           1310
 Arnold Matthew R         1310         Arnold Stephen L         1110
 Arrigo Patrick P         1170         Arroyo Brian Thomas      1200
 Artime Sara Michelle     1110         Arvizu Kylee Renea       2900
 Asante Osei              1110         Asdal Lindsey Craig      1310
 Atherton Robert A        1110         Atsuswanzy Edem Chris IV 1110
 Atwood Adam Linck        1110         Auburg Morgan Oliver     1110
 Ayres Austin E           1110         Babcock Donald S         1110
 Baker Andrea M           2900         Baker Kaitlin Jane       1190
 Baker Stephen Victor     5100         Baker Timothy P          1110
 Baker Veronica Yaneth    1200         Ball Jeremy Ira          1170
 Ball Robert Everett III  1310         Bargione Jessica L       2900
 Barnes Jason T           1390         Barrett Matthew P        1310
 Bartek William A         1310         Battle Robert Hunt       1110
 Bay Sophia M             1110         Beall Eric Matthew       1170
 Bean Lillian L           1110         Beates Abraham Michael   1310
 Becote Briant Weylin     1320         Begley John C            1310
 Behbehani Kyle Evan      1120         Behne Branden Barbery    1310
 Beier Danielle Marie     1830         Beitler Benjamin Lee     1130
 Belitz Jason Darryl      1320         Bell James R             1310
 Bell Kevin Bonneau       1310         Belmont Sarah Anne       1370
 Belviy Denise Reshawn    3100         Bene Amy Lynn            2900
 Benjamin Colleen Marie   1110         Bennett Terence Hall     1830
 Beres Anthony J          1310         Berge Avery Louise       1110
 Bergeron Joshua Michael  1170         Bergstresser Patrick Mic 5100
 Berkowitz Jonathan Brend 1310         Berlinsky Amanda M       1310
 Bernard Nicholas Tyler   1310         Bernhardt Benjamin Aaron 5100
 Berry Andrew Nathan      1110         Billings Kalimari Makama 1320
 Binder Katharine C       1310         Bink Brian D             1170
 Black Jacob R            1110         Blackford Brandon D      1370
 Blain Jarrod S           1310         Blais Jeanfrederick      2900
 Blais Jenna Helene       1310         Blais Michael William    1320
 Blake J Terence          1310         Blakley John Paul        2900
 Blauwkamp Daniel Thomas  1810         Block Robert E           1120
 Blue Daniel Alexander    1810         Blundell Timothy Aaron   1310
 Bly Joshua Patrick       5100         Blyskal Raymond Douglas  1220
 Boensel Patrick J        1310         Bogart Alexander Stevens 1830
 Bogle Kurt Douglas       1300         Boles Travis Oconner     5100
 Bolt Kendall Matthew     1110         Bolton Brittany Michelle 1320
 Bonacci Breanne Lee      1110         Bondurant Brent M        1110
 Bone Joshua Michael      1120         Bonebright George Eugene 1110
 Bonner Frankie Lee       1320         Bouwense Matthew David   1120
 Bove Louis G             1310         Bowden Scotlin Craig     1170
 Bowen Kristin Marie      1310         Bowman Alex T            1310
 Bowman Jacob Thomas      3100         Braiotta Danielle M      2900
 Brecher Dakotah F        1160         Brennan Ryan P           1310
 Brenner Todd A           1320         Brewer Chandler R II     1130
 Brewer Victoria Delcarme 1320         Bricco Jeremy Joseph     1120
 Bristol Tyler Benjamin   1170         Brodsky Lisa N           1120
 Brooks Reginald Scott    1110         Brosnan Jake L           1130
 Brown Brandon Rashard    1390         Brown Chaz Tyler         1310
 Brown Demarkus Xavier    3100         Brown Jason J            1320
 Brown Kenneth M          1110         Brown Michael Harrison   1810
 Brown Michael Thomas     1110         Browning Jeremy R        1120
 Bru Karen Rose           1170         Bruce Ryan V             1310
 Bruning Alexander G      1110         Buchan Shawn Michael     1110
 Bueton Russell A         1110         Buitrago David Francisco 1110
 Burbage John B           1310         Burchill Matthew Dean    1120
 Burdg Andrew W           1310         Burel Patrick G          1320
 Burke Ryan William       1110         Burnell Lauren Mintz     1810
 Burnell Michael David    1310         Burris Michael B Jr      1110
 Burtness Alex James      1140         Burton John Wesley       2300
 Bush Forrest Nelson      1810         Bussell Alaina Marie     1800
 Bustamante Desiree Miche 2900         Butler Myles Milton III  1320
 Byrd Michael Alan        1310         Byrne Zachary Robert     2900
 Cady Christopher Dewayne 1310         Caindoy Khristiannoe C   1110
 Caines Colin A           1310         Cairoli Christine Marie  1200
 Calhoun Jade D           1110         Calhoun Katie Ann        1320
 Callahan Thomas Joseph J 1110         Callan Kevin J           1310
 Caltagirone Megan Ann    2900         Calvanico Christopher Mi 1320
 Campbell Brett P         1120         Campbell Gregory Alexand 1310
 Campbell Janine Elizabet 1200         Campbell Kevin Zeger     1170
 Campbell Michael Jude    1130         Campion John Edward      1170
 Capron Christian Josephs 5100         Caraway Cameron Zachary  1310
 Cardinale Craig P        1110         Carmack Sarah Christine  2900
 Carney Tara Jill         3100         Carper Scott Adams       1170
 Carpio Christina Marie   1310         Carrasquillo Matthew     1310
 Carrillo Raymond Jr      1460         Carroll Jennifer Staffor 1120
 Cash William Bradley     1190         Caskie Ryan William      1310
 Cassel Jonathon Dylan    1110         Cassels Marley Emilia    1110
 Castello Caitlin Mackenz 1110         Castrodale Andrew Wilson 1120
 Cellon Kelsey Charnock   1110         Cerasuolo Bradley Kyle   1110
 Challburg Maribel        1110         Chaney Kevin A           1310
 Chapman Bryan Robert     1120         Charalambous Alexander C 1310
 Charalambous Hillary E   1310         Cheezem Bryan Christophe 1460
 Cheezem Tara Marie       1110         Cherry Bradley Edward    1320
 Chertude Michael John Jr 1310         Chiang Samantha C        1110
 Childress Scott Wayne    1110         Chitwood Tony Lee Jr     1310
 Christensen Bryce L      1200         Chuma Justin M           1110
 Chung Seth Sungwon       1830         Clancy Claire Elizabeth  1110
 Clark Andrew J           1170         Clark Eric S             1110
 Clark Ryan Stephen       1830         Clark Zachary T          1110
 Clarke Allison Paige     5100         Clauser Jeffrey S        1320
 Clement Matthew Scott    1120         Clemmons Kyle Y          1160
 Cline Jessica Ann        1310         Cline Timothy Paul       1320
 Cloninger Allan W        1110         Close John Jacob         1310
 Cobb Alexander O         1130         Coble Desmond L          1110
 Coburn Erica C           1110         Coe Isaac Stephen VI     1110
 Coe Livy Marion          1110         Cohen Joshua A           1110
 Cohen Kristen A          2900         Cohen Patrick D          1130
 Cohn Peter H             1310         Coker Eric Linden        1210
 Cole Alex                1110         Coleman Ryan P           1110
 Collins Joseph C         1460         Collins Joshua Daniel    1120
 Colorado Camilo          5100         Colpitts Matthew S       1110
 Coltey Anna Caroline Hal 5100         Connors Brendan James    1110
 Conrad Michael Channing  1390         Constantino Matthew Mora 1160
 Conti James R            1110         Conway Calvin R III      2300
 Conway Margaret A        1460         Coombs Theodore Carter   1140
 Coons Jason Steven       1320         Cooper Natalya Emiko     1310
 Cooper Patrick Michael   1120         Corcoran Jeanine Marie   2900
 Corpuz Alexander Paul    1120         Cosentino Lindsay N      1110
 Counts Richard Lynch IV  1310         Cousins Timothy Andrew   1110
 Cowan Amber Leigh        1120         Cox Kathryn Sierra       1110
 Cox Matthew C            1310         Cozzens Diana K          2900
 Crager Kenneth Christoph 1800         Craig Bradley Alan       1120
 Cranor Rebekah Ann       1310         Creasey Ellyn Anne       1110
 Criger Bryan Thomas      1310         Crisman Donald M         1110
 Cromwell Jason A         1320         Cropsey Elizabeth S      1110
 Cross Mark Edward II     2900         Crouch Daniel Joseph     2300
 Crowder Bart Lesley      1320         Cryer Karen Mika         2900
 Cuellar Jason M          1310         Cuevas Maya Christine    1110
 Cullen Michael J         1110         Cummings Patrick Sulliva 1110
 Curley Matthew Michael   1110         Curran John Phillip      1110
 Curry Richard Francis Jr 1310         Curtis Crystal Jade      1110
 Czarzasty Devon R        2900         Dallas Russell Adam II   1170
 Daniels Jacob Robert     1110         Danner Thomas Evan       1110
 Daratsos Basil           1310         Darr Tyler Allen         1830
 Davidson Matthew Gordon  1310         Davies Harry Francis     1310
 Davis Andrew Taylor      1110         Davis James Edwin        1120
 Davis Kyle W             1120         Davis Travis James       1800
 Davoll Joseph J          1160         Dawson Jared P           1310
 Day Richard A            1310         Debuck Joseph Henry      1190
 Decristoforo Maria There 1110         Deignan Jeffrey Michael  1810
 Dejunco Joseph R         1320         Deken Anthony Maurice    1320
 Delao Gyssell Andrea     1110         Deldotto James E         1110
 Deluca Paul Andrew       1310         Dematteo Daniel Robert   1110
 Denton Katarina Gabriell 1110         Depauw Alea Renee        2900
 Derego Christopher R     1120         Deren Paul E             1120
 Desoto Alyson L          1320         Desoto Ian Michael       3100
 Detweiler Nicholas James 1110         Deuro Christine Maria    1110
 Devillar Justin Andre    1170         Deyoung Brian Mcwilliams 1110
 Dimaggio Jenna Elise     2900         Dimarucut Joseph J       2900
 Dimotakis John P         1170         Diresta Vincent R        1310
 Disarno Robin Marie      1320         Dominguez Charliean      1460
 Donovan Jennifer A       1110         Donovan Samuel Warren    1120
 Doran Bo Spencer         1810         Dorenkott Sarah Diane    1110
 Dori Matthew James       1310         Downey Chelsey A         1110
 Doyle Robert Joseph      1130         Drace James J            1460
 Dryden Kaitlin Elise     1320         Dubeck Jamie Lynne       2300
 Duffey Matthew Patrick   1120         Dugger John Andrew       1120
 Duncan Alexander Bruce   1120         Duncan Christopher Sean  1320
 Dunston Shaun David      2900         Dupre David Wren         1110
 Durnan Patrick Emmett    5100         Dute Kyle S              1320
 Dworjan Alexander Philip 1120         Dziama Brendan Peter     1110
 Ealy Brandon P           1110         Early Thomas C           1110
 Egeland Matthew D        1310         Eggleston Sarah Lynn     1110
 Ehrlich Heather C        1110         Eilers James B           1140
 Eklund Paul Douglas      1110         Elder Justin M           1130
 Ellwood Michael Seldon   1310         Emma Daniel Ansley       1310
 Engle Nicholas Joseph    1310         English Jay C            1110
 Erickson Jacob W         1110         Erickson John Braddock   1130
 Eriksen Kristen Joy      1110         Erstad David N           1110
 Erwin Garrison Lee       1310         Eschelman Krista Rae     1110
 Esco Kristi M            1110         Esmiol Morris A          1110
 Espinosa Gilbert Cesar   1520         Espinosa Glennpeter      2900
 Estevez Jeremey Adam     1110         Estvander Albert J       1110
 Euhus Brandon Thomas     1130         Eutsey John Robert       1170
 Evans Matthew Alexander  1170         Falk Justin Michael      1320
 Falzetta John Michael    1310         Farish Nathan Campbell   1110
 Farrar Daniel P          1120         Fasseel Benjamin Douglas 1110
 Faulkner Andrew Michael  1120         Fechner Timothy J        1310
 Fedewa Patrick J         1310         Feeks Regina Elizabeth   1110
 Ferriter Pierce Joseph J 1190         Fick Michael Hudson      1310
 Fillmore Matthew L       1110         Fink Kortney D           1200
 Fink Nathan D            3100         Finney Luke Patrick      1130
 Fitch Kyle B             1310         Fitzgerald Terri Lynne   1320
 Fitzgerald Timothy Sean  1110         Fitzgerald William Conno 1320
 Flage Joshua R           1120         Fletcher Alexander Payne 1310
 Fletcher William J III   1320         Flynn Connor Daniel      1110
 Flynn Thomas Anthony     1310         Follador Mary Elizabeth  1110
 Fong Benjamin Hoi Ming   3100         Foote Joshua D           1950
 Forney Richard K         5100         Foster Caitlin Janelle   1110
 Fouquette Jordan William 1170         Fowler Molly Eileen      2900
 Fox Jocelyn Ashley       1110         Foxton Amanda Louise     1110
 Frailey Patrick H        1320         Francis Kyle John        1820
 Francisbaptist Andrea P  3100         Frias Isaiah Daniel      1110
 Fridinger Robert William 1310         Froslee Julie M          1310
 Fuehrer Charles D        1110         Gabriel Jennifer Ashley  1830
 Gaidry Lauren Michelle   1650         Gall Kristen B           1110
 Gallant Daniel P         1310         Garcia David Anthony     1810
 Garcia Jonathan Andrew   1110         Garcia Mark Albert       1320
 Garcia Saralinda Guzman  2900         Garland Jackson S        1110
 Garland William Reginald 1110         Garlington Kevin Michael 1110
 Gay Seth E               1170         Gaynor Curtis G          1110
 Genualdi Andriana J      1650         George Edward Greeley    1110
 George Jennifer J        1110         George Zachary P         1110
 Germano Jessica Christin 1310         Giampaoli Agustin Eduard 2900
 Gibbons James Arthur Jr  1310         Gibbons John P           1110
 Gilbert Brandi Lee       1460         Gilbert Ryan Kenneth     1110
 Gilbert Zachary J        1110         Giuda Joseph A           1110
 Glacken Christopher Edwa 1170         Glass Kelly Yvonne       1110
 Gleghorn Kyle D          1110         Glenn Daniel Scott       1190
 Glock Bryan W            1120         Godwin Elizabeth M       1320
 Going David W            1110         Golden James Hollis      1170
 Gomrick Katherine A      1110         Gonzalez Coleman         1170
 Gonzalez Eric Vladimir   1120         Gooden Ashley Danielle   2900
 Goodfellow Dana M        1110         Goodyear William David   1110
 Gordon Shawn Peter       1310         Gorman John M            1170
 Gorski David G           1310         Goss Brian William       1310
 Grabon Jeffrey Scott     1800         Gragg Alec Jacobmorton   1110
 Graham Matthew John      1110         Granata Joseph John III  1310
 Grant Michele Lynn       1320         Gray Noah Jonathan       1310
 Gregorian Dro Jonathan   1310         Gregory Matthew D        1320
 Gregory Stone B          1320         Gregory Wade Russell     1310
 Gribko Peter G           1310         Grider John Eugene       1120
 Griffith Richard Allen   1120         Grijalva Jennifer Marie  1110
 Grove Kaylee Alicia      1310         Gruber Timothy James     1160
 Guiremand Erik M         1110         Guise Jeffrey David      1120
 Gulliksen Tyler Patrick  1190         Gund Patrick H           1110
 Gunderson Jarom Robert   1310         Guy Anthony Howard       1160
 Guy Dennis C             1120         Hadley Bryce Stephen     1110
 Hagen Daniel James       1120         Hagerman Jonathan Richar 1310
 Hague Arash              3100         Haines Daniel Mark       1310
 Haley Richard D          1190         Hall Annajoy Lorraine    1110
 Hall Seth Nathaniel      1110         Hallum Robert Lee        1310
 Halnon Rachel E          1110         Hamel Allison Marie      1110
 Hamilton Andrew David    1110         Hamilton John Patrick    1310
 Hamilton Matthew Todd    1460         Hammerer Ross Fitzgerel  1110
 Hanas Molly L            1110         Hanks Aaron Michael      1120
 Hanley Nicholas Ryan     1310         Hansen Brittany Lynne    2900
 Hardaway James William   1170         Harden David R           1170
 Harding Chase E          1110         Hardy Andrew S           1170
 Harned Robert Lachlan Jr 1110         Harrigan Michael Thomas  1310
 Harris Brittany Amerau   1310         Harris Christopher Paul  1110
 Harris Jonathan Lee      1110         Harris Joseph R          1140
 Harrison Benjamin Lindse 1110         Harrison Stephanie Patri 3100
 Hart Nicholas A          1110         Hart Robert Sheppard Jr  1310
 Hartmann David R         1110         Hartsfield Jacob R       1120
 Harvey David James Richa 1310         Hasemeyer Chandler Clark 1320
 Haslam Charles Preston J 1310         Hatch Michael Thomas     1310
 Hatcher Jack Ryan        1120         Hawkins Tyler Anderson   1130
 Hawley Carissa Jayne     1110         Hayes Christopher R      1110
 Hays Kierstin Anne May   2900         Head Michael Loren       1120
 Hearding Daniel C        1170         Heenan Sean Michael      1170
 Heighton Prescott Alexan 1110         Heilmann Ryan A          1320
 Hein Jonah A             1110         Heisler Andrew Charles   3100
 Heitman Patrick Jonathan 1310         Henderson Chad Allen     1310
 Henderson Chaz R         1110         Henderson Nicholas Maxwe 1320
 Hendricks Crette O II    3100         Hendricks William Hudson 1110
 Henry Shawn Michael Spri 1110         Hernandez Jean Carlos    1170
 Herrick Jonathan Andrew  3100         Hettiger Matthew William 1120
 Hetzner Andrew Ramon     1110         Hicks Michael John       1190
 Hildenbrand Daniel Richa 1110         Hill Cimarron A          1110
 Hill Francis Michael     1320         Hill Morgan Nicole       1110
 Hinshaw Joshua Peter     1110         Hippey Tyler Winfield    2900
 Hlousek Mark Anthony     1310         Hochschwender Tyler J    1120
 Hofleitner Andreas Peter 1830         Hogan Michael Robert     1120
 Hollender Steven J       1310         Holliday Zachary S       1110
 Hollis Keith Richard     1110         Holmstrom Charles Hammon 1130
 Holst Bryan Edward       1110         Holt Abigail Rose        1120
 Holzapfel Victoria Mae   2900         Hoosier Brandice R       2900
 Hope Kristin Mackenzie   1310         Horel Christopher James  1110
 Horgan Peggy Sue         1170         Horton Brandon Keith     1130
 Hossfeld Ian Michael     1130         Houston Ashlee Deanna    1110
 Howard Amanda Marie      1310         Howell Joshua Lee        1110
 Howell Peter Lewis Jr    2900         Huber Elizabeth A        5100
 Huber Wesley Lawrence    1110         Hudak Roxanne Raewyn     1310
 Huff Brian P             1120         Huff Zachary Thomas      1310
 Hulse David T            1110         Hunnell Justin Michael H 3100
 Hunter Ian Joseph        1120         Hutchison Andrew Lee     1120
 Hydrean Alexander P      1120         Iiams Jeffrey Allan      1810
 Illies Martha Jean       2900         Ingraham David Michael   1460
 Irby Traci Leigh         3100         Irish Chelsea Kirsten    1650
 Isaacs Fielding Blaine   1120         Islin John Alexander III 1390
 Iwuji Jesse Ekene        1110         Jackson Robert Raymond   1120
 Jacobs Brian E           1310         Jahraus Wesley Ian       1170
 Jaindl Robert John III   1110         James Theresa Rose       1650
 Jamous Dean Suleiman     1310         Janca Elizabeth Lauren   1310
 Janssen Charles Andrew   1110         Jensen Bradley Scott     1110
 Jewett Cameron L         1110         Jibilian Christopher A   1310
 Johnson Christine K      2900         Johnson Christopher Will 1140
 Johnson Erik Bryce       1170         Johnson Frederick S      1190
 Johnson Jarred Wolcott   1120         Johnson Jessica Lauren   1310
 Johnson Joseph B III     1310         Johnson Lamont R         1310
 Johnson Marcus Kyle      1120         Johnson Michael Allen    1310
 Johnson Roberto Jose     1110         Jones Patrick Wayne      1820
 Jones Scott Brendan      1120         Jordan Joshua Lee        1310
 Joven Jason Patrick      1810         Juhn Jacqueline Misah    1110
 Kabir Naushad            1110         Kaehler Michael B        1310
 Karlins Elizabeth M      1110         Karunakaran Jonathan D   1310
 Kasel Jeanna Lefay       1810         Kauffman Bryan J         1810
 Kauffroath Miyuki K      1320         Kaufman Carl A           1120
 Keegan David C           1110         Keegan David Jeffrey     1130
 Keelor Kristen Michelle  1310         Keilty John P            1310
 Keller Owen Luntsford    1320         Kelly Jordan T           1110
 Kelly Matthew J          1120         Kelly Robert James       1110
 Kennedy Braz Michael     1320         Kennedy Veronica M       1110
 Kennovin Amanda Jill     2900         Kettler Douglas A        1320
 Kevern James Robert      3100         Khan Jamil Ahmad         4100
 Khoury Erica T           2900         Kim Amy                  1110
 Kincaid William Laird    1120         King Matthew S           1820
 Kipper John Henry        1310         Kirby Crystal Linette    2900
 Kirlin Joshua S          1170         Klemens Kevin W          1110
 Klenke Sarah Anne        1310         Knapp Robert M           1110
 Knepper Matthew Benjamin 1120         Knopik Gregory John      1310
 Knorr Mark David         1320         Knox Brandon Michael     1310
 Koehler Rachael E        1110         Kollmann Drew John       1310
 Kolterman Kelly F        1110         Korbely Anthony J        1110
 Koury John D             1120         Kovalenko Oleksandr Olex 1110
 Koye Stephen Balint      3100         Kramer Caitlin E         1830
 Kramer Justin Lee        1120         Kramer Lauryn Elizabeth  2900
 Kramer Michael James     2300         Kreutter Adam J          1160
 Krieger Dominique Fleury 1800         Krieger Kyle R E         1170
 Kropp Russell James      1120         Kuehl Andrew James       1170
 Kulp Chad Lee            1130         Kunz Joel Robert         1310
 Kutz Daniel E            1310         Kuzara Brian John        1110
 Laakso Adam D            1310         Lada Samuel C            1310
 Laine Nicholas Shane     1120         Lair Travis Alton        1160
 Laird Christopher Lawren 1200         Lamarche Brian E         1130
 Lamb Winston Callis      3100         Langan Justin Christophe 1310
 Lanham Kelty R           1310         Lankford David Kyle      1110
 Lape John D              1310         Larson Eric W            1120
 Lascara James Patrick    1130         Latimer Emily Rose       2900
 Lau Tiffany              2900         Laughrey John K          1810
 Lawrence Joshua Fleet    1310         Lawson Carroll Mckinley  1310
 Lawson Van Gordon        1170         Lazzaro Andrea Michael   1310
 Le Mariel Clare          1830         Leckie Elizabeth Ann     1310
 Lee Andrew James         1310         Lee Han E                1110
 Lee James Lebon          1110         Lee Sean P               1810
 Legayada Andrew Marc     1110         Lemaich Ramsey Alexander 3100
 Lemaster Grant Edward    1310         Lennon Joseph Patrick    1310
 Lesher Kimberly R        1110         Lessard Rachel Jeanne    1120
 Lester Christopher M     1120         Leveque Luke Christopher 1120
 Leveque Marquette Justin 1170         Leviton Max H            1110
 Lewis Ashley Inez        1310         Lewis Charles H          1110
 Lewis Leighann Marie     1310         Lewis Miguel Kenny       1120
 Lewis Mikel W            1170         Ley James Robert         1460
 Libby Matthew Malcolm    1120         Lim Jihyeok              1110
 Lindholm Erik R          1110         Lindstrom Peter Ryan     1310
 Link Steven Barret       1140         Linse Shawn Michael      1320
 Linville Brian Scott     1120         Lisowski Kyle J          1310
 Litchfield Thomas James  1310         Little Cody A            1120
 Littleton Charles E      1170         Liwanag Abigail Tabas    2300
 Lloret Sergio Edwin      1310         Lloyd Jonathan Samuel    1800
 Long Evan Scott          1170         Lopez David Martin       1110
 Lopez Francisco          1110         Lopez Joy Michelle       1830
 Lopez Laura Denise       1110         Louk Sarah U             2900
 Lovejoy David M          1110         Lovinger Alex Y          1110
 Luibil Daniel Louis      1320         Lukaszewski Daniel Franc 1460
 Lumsden Jacob Douglas    1310         Lustgraaf Alicia J       1110
 Lyles Kristin Ashleen    1170         Lynch Joseph Peter       1190
 Lyons James M            1310         Macadams Scott Shannahan 1120
 Macdonald Adam Jeffery   1110         Macdonald Scott T        1310
 Mack Patrick Edward      1320         Maclennan Kari A         1310
 Madson Thomas Ward       1310         Maenza Jason Salvatore   1810
 Maenza Stephanie Michell 1200         Magnuson Thomas Anders   1170
 Maher Myron James K III  1110         Mahoney Timothy John     1820
 Mahoney Zachary W        1110         Malandra Jennifer Antoni 1110
 Malherek Jennifer M      1110         Mallory Paul David       1170
 Mamaril Eugene E         2900         Mann Joshua Andrew       1310
 Mantz Joseph Louis III   1110         Manuelruley Meredith Car 1110
 Margolis Scott H         1110         Marihugh Russell James   1310
 Marino Christopher James 1120         Marosy Gary T            1190
 Marshslavin Bartholomew  1310         Martin Alan David        1810
 Martin David Forrest     1170         Martin Phillip Dejuan    1110
 Martin Rene John         1460         Martin Robert Jeffrey    1170
 Martindale Laura Ann     1120         Martinez Erynn N         1110
 Masneri Brian Joseph     5100         Mastrangelo Caroline Yeo 5100
 Mastrangelo Michael Jose 1130         Mattox Benjamin Keith    2300
 Mattrella Lisa Marie     1110         Mattson Emma Lee         1110
 Mauney James Andrew      1110         Mausteller Bryan Lei     1310
 Maxwell Michael Craig    1110         Mayo Mathew C            1310
 Mazzoni Jason Andrew     1110         McAllister Christie Loui 1310
 McAuliffe Joseph James   1310         McCallum Scott Andrew    1130
 McCammond Lindsay Renee  1310         McCarthy Colin P         1310
 McCarthy Patrick W       1110         McCarthy Sean P          1110
 McClellan William Ryan   1130         McClinton Muzik Mandrell 1110
 McClish John William Jr  1190         McCormick Andrew J       1830
 McCoy Matthew William    1170         McDaniel Bradford Thomas 1120
 McDonald Kathleen Lord   1110         McDowell Patrick R       1310
 McFarland Andrew Scott   1310         McFarland Weixin Matsuok 1110
 McIntyre Lori Jeanette   2900         McKinnon Caleb Douglas   1130
 McLaughlin Cory Sean     5100         McLaughlin Michael Gerar 1830
 McLaughlin Nathanael D   1110         McLaughlin Peter Sean    1200
 McMahon Sean James       1110         McNerney Timothy         1310
 McNichols Ryan P         1120         McPhillips Jenna L       1110
 McQueen Brock A          1830         McSwain Sean Edward      5100
 Meehan Meredith Myers    1320         Meiners John Kemper      1320
 Meixell David Matthew    1110         Mejia Vincent P          1120
 Melrose Nicole V         1110         Mendez Felicia Renee     2900
 Mennerich Thomas Oneill  1310         Mercer Darius Yujin      1110
 Meredith Ian Christopher 1110         Merrill Casey Andrew     1810
 Messiha Evan             1110         Messiha Tess Mojdeh      1110
 Metcalf Andrew James     1310         Meyer Adam Michael       1310
 Meyer Karl J             1120         Meyers Brendan Flynn     1320
 Michalak David Carl      1310         Michaud Kerry Joseph     1110
 Middlebrooks Franklin Da 3100         Middleton Larry Jr       2300
 Mielke Ashley Marcus     1110         Mikell Christopher Joel  1110
 Miletich Theresa Marie   1110         Milke Austin Blake       1110
 Miller Andrew B          1110         Miller Andrew P          1310
 Miller Denise E          1310         Miller Kenneth Brian     1210
 Miller Ralph William III 1120         Miller Ryan William      1320
 Miller Samantha A        2900         Millerd Kyle Jackson     1310
 Mitchell Joshua M        1320         Mitchell Keith Stephen   1310
 Mix Lizetteanne C        2900         Moeller Michelle Lauren  1800
 Moffit Joseph Robert     1310         Mohr Christopher Thomas  1110
 Mojica Ruben Flores      2900         Mok Eugene D             1110
 Monbleau Kyle Patrick    1110         Monroe Justin Charles    1810
 Montana John A           1310         Moore Andrew Stanley     1310
 Moore John Ramsay        1170         Moore Morgan T           1110
 Moorman Daniel Jeffrey   1310         Mora Lening Ernesto      2300
 Morales Marina Marci     2900         Moran Patrick Nolan      1110
 Morejon Barbara Kristin  1110         Morgan Jeffrey Lee       3100
 Morris Joshua L          1110         Morris Tameka Latoya     2900
 Morrissey Christi E      1310         Morton Margaret Virginia 1110
 Mosley Gregory Wayne II  1120         Moulton Tyrell Eugene    1120
 Mueller Mark Curtis      1460         Mullins Kevin F          1110
 Munro Charles T          1310         Murphy Christopher Caldw 1110
 Murphy Claire Marie      1110         Murphy Joseph L          1310
 Murphy Lucas E           1220         Murphy Patrick John      1110
 Murphy Stuart Asher      1110         Murphy Susan Ann         2900
 Murphy Timothy James     1110         Murray Christopher Micha 1130
 Murray Nicholas P        1310         Murray William Nugent    1160
 Myers Adam Lee           1320         Myers Christopher S      1110
 Myers Eric Lynn          1320         Nasta Timothy James      1310
 Neale Ian R              1820         Nechak Matthew Michael   3100
 Neher Nathan Y           1110         Nelms Brittany N         1310
 Nelson Ryan T            1310         Nevins James Curtis      1170
 Newell Jacob T           1120         Newton Laura C           2900
 Nichols Jermaine L       1520         Nielsen Alex William     1120
 Norris Andrew K          1110         Nussbaum Nicholas Alan   1170
 Oates Julianne Rose      2900         Obannon Brian F          1320
 Oboyle Brendan Patrick   2300         Obrien John M            1310
 Obrien Kevin James       1800         Oconnor James Dennis II  1110
 Odell Charles Isaac      1310         Odenwald Ward F IV       1120
 Odonnell Kaitlin Eileen  1110         Odonnell Katherine E     1110
 Ogle Jason S             1120         Okeefe Daniel Christophe 1320
 Okonak Jonathan Michael  3100         Oldfield Dustin E        1110
 Olena Jessica Jill       1460         Oloughlin Kenneth Allen  1310
 Olsen Spenser S          1310         Olson Brynn A            1650
 Olson Matthew K          1110         Omlor Timothy Joseph     1170
 Ondik John S             1110         Oneill Kyle Joseph       1180
 Oneill Michael L         1110         Orr Alison Disher        1110
 Osborn Kelly M           2900         Osborne Aaron D          1220
 Packer Richard A         1310         Pagano Peter S           1650
 Paglia Alaina Nicole     2900         Painter Andrew Alan      3100
 Painter Kevin T          5100         Paladino Kristen Marie   1110
 Pallie Jonathan Rafi     1120         Papale Jason G           1120
 Park Rachel Mulrae       2900         Parker Willie L III      1110
 Parkhurst David Timothy  1110         Parks Jessica Elizabeth  1110
 Parobek Daniel Pavel     1820         Pate Kevin Michael       1120
 Paterson Brent R         1310         Patrick Robert S III     1310
 Paul Timothy David       1110         Peach John J III         1110
 Pedrotty Daniel John     1110         Pelosi Allison K         1800
 Pelosi Melissa S         1110         Pendock Bradley James    1310
 Pennington David S       3100         Peppler Jason P          1180
 Perez Jossie Diana       1110         Perez Victor Fernando    1120
 Perry Albert Joseph      1120         Perry Daniel J           1120
 Perry Steven Allen       1110         Peters Anthony R         1310
 Peters Charles Matthew   1810         Petersen David Allan     3100
 Petkas Christopher Josep 1130         Petrosik Robert Harwood  1310
 Pettit Andrew Jason      1110         Petty Alessandra R       1830
 Pfaff Jonathan E         1320         Philbin Matthew Brendan  1310
 Phillips David E III     1300         Piavis Paul Hawthorne    1120
 Piazza Robert A          1120         Piety Matthew Jay        1160
 Pifer Lindsey Esther     1320         Pimental Leroy Edward    1120
 Pince Richard D          1310         Piwowarek Andrew D       1310
 Pleasant Fabian Dwayne   1110         Plum Torrey A            1310
 Plumer Kevin E           1120         Polhemus Christopher And 1310
 Popa Christopher H       1310         Pope Christopher R       1120
 Portzer Joelle C         1110         Pospisil Aubrey Kay      1830
 Pound Joshua M           1120         Powell Adam J            1110
 Prater Melissa Rene      1110         Prefontaine Zachary Jose 1120
 Presley Nicholas Edmund  1190         Preston Nicholas A       1170
 Prevost Dennis Claude    1110         Prinsen Thomas Henry     1170
 Pruitt Taylor Michael    1110         Pryne Christina Sakayo   1460
 Pugh Mary B              1800         Qualls Barry Franklin Jr 1810
 Quan Stefan M            1320         Quirk Eric Scott         1120
 Quirk Kellye Renae       1110         Rager Ryan Christopher   1170
 Ragonese Francisco Willi 3100         Rajchel Brett Louis      1810
 Rajchel Elizabeth Theres 1120         Rajnay William S         1110
 Ramos Alberto Jesus II   1170         Ransom Latoya Donnetta   1110
 Rawlick Erin Cory        1310         Reddick Adam James       1320
 Reddington Mary Beth     1110         Reece Justin L           1310
 Reed Benjamin Patrick    1310         Reed Candi Troutman      1830
 Reed Christopher Allen   1140         Reed Elizabeth Anne      1110
 Reed Joel E              1110         Reeves Timothy Allen II  1110
 Reichmann Brandon Gordon 1320         Reimonenq Ashley Johnson 2900
 Reiter Emily Holland Eis 1310         Reno Samuel Henry        1310
 Resavy William George    1320         Rhodes Matthew Allen     1810
 Rice Jillian L           1310         Rice Joseph Ricardo      1310
 Richardson Margaret E    1210         Richardson Samuel David  1310
 Richardson William M     1310         Richmond Taylor Lee      1310
 Rickert Kyle A           1310         Rickert Matthew J        1170
 Ricketson Chelsea Jacque 1110         Ried Natasha Louise      1800
 Riffle Elizabeth Marie   2900         Risedorph Vanessa C      1320
 Rissi Matthew J          1110         Rivas Tito David         1110
 Rizor Jonathan Daniel    1120         Roa Mathieu Richard      1120
 Roberge Rory Matthew     1320         Roberts Dustin Lee       1820
 Roberts Matthew Lynn     1170         Robertson Scott Byron    1310
 Robillard James John     1310         Robinson Charles Anthony 1120
 Robinson Daniel John     4100         Robinson Nyssa Ashley Sh 1110
 Rocha Katrine Kossette R 1110         Rockford Stephanie Marie 1460
 Rockwell Mathew R        1120         Roddy Liam T             1310
 Rode John Bryant         1110         Rodrigo Kevin Paul       1130
 Roe Kimberly D           1170         Rogers James Allen       1310
 Rohane Quinn Alan        1320         Rohrback Douglas Bodie   1170
 Romero Patrick Christoph 1310         Roncoroni Mark Rudolph   1820
 Rooks Sean David         1310         Ross Cameron Neal        1830
 Roudebush William Damian 1320         Roush Angela Marie       1310
 Ruby Eric Andrew         1310         Ruffin Daniel Irwin      1320
 Ruscello Sarah Joreen    2900         Russell Justin Drew      1110
 Russell Philip E         1320         Rutherford Evan Scott    1310
 Rutherford John Jason Jr 1320         Rutledge Christopher Jos 1110
 Ruttum Mary Lawrence     1310         Ryan Colin E             1110
 Samano Renato            1310         Sanchez Rique Joseph     1310
 Sandman Benjamin Carl    1120         Sandness Gregory Cooper  1310
 Sanford Ashley L         1110         Santiagofigueroa Jorge A 1110
 Saraceni Kyle J          1320         Sass Michael D           1220
 Sauer Daniel Lukas       1110         Savaglio Anthony J       1110
 Saver James D            1310         Sawyer Ryan Walsh        5100
 Sax Kayla Jane           1170         Scalabrino Anthony Thoma 1310
 Scapicchio Kristan Lee   1110         Schaefer Craig Alexander 1120
 Schafer Benjamin A       1310         Scharp Brian William     1110
 Scheimreif Karl          1310         Scherer Andrew Jeffery   1310
 Schibell Natalie Ann     2300         Schillo Matthew M        5100
 Schneider Alex David     1110         Schorr Aric T            1220
 Schrock Jamison Campbell 1310         Schroeder Megan Elizabet 3100
 Schroeder Zachary T      3100         Schulenburg Jenna Rose   1110
 Schultz Aaron Joseph     1310         Schultz John V           1320
 Schwab Matthew Jameskali 1310         Schwartz Melody Capulong 2300
 Sciford Ian Kensie       1310         Scott Julian Robert      1110
 Scottnevonen Kelly Ann   2900         Scown Emil W             1120
 Seader Robert D          1130         Seymour Matthew J        1310
 Shaffer David G          1110         Shaffer John Scott       1110
 Sharp Tyler Hayes        1800         Shea Brian Edward        2300
 Shedd Samantha K         1830         Sheerin Aidan G          1170
 Sheeron Corey James      1310         Sheffield Joseph Daniel  1120
 Shepard Felecia Suzanne  1110         Sherwood Ryan Richard    1830
 Shields Sarah E          2900         Shishkoff Joshua Paul    1120
 Shkuro Serge Alexandrovi 2300         Shober Glenn Martin      1120
 Shoemaker Lee Thomas     1110         Shope Taylor N           1120
 Short Tamara Joy         2900         Shreffler Richard Charle 1390
 Siegrist Evan Michael    1320         Simpkins Matthew C       1310
 Simpson Scott Alan       1390         Sims Corinne Ann         5100
 Sims Dwayjan C           1110         Singletary Bennett Charl 1310
 Sisung Evan Stephen      1310         Sitgraves Damon Arimas D 1110
 Smesko John Christopher  1320         Smith Andrew Michael     1310
 Smith Karen Malia        1110         Smith Lindsey A          1110
 Smith Lucian Hutson      1830         Smith Matthew Bennett    1120
 Smith Megan Marie        2900         Smith Stephen T          1120
 Smith William Randel III 1110         Smoke Jarrad Alan        1820
 Soares Steven Patrick    1110         Solis Cory Luis          1320
 Sonnichsen Vanessa Kindn 3100         Sons Sherri Lynn         2900
 Sordelet Tyler Christope 1170         Spainhour Timothy Andrew 2300
 Spalding Stephen K       1120         Spears Hudson Ladd       1120
 Speciale Michael J III   1110         Spencer Eric A           1170
 Spilsbury Andrew         1110         Spitzer Tammy Lynn       1110
 Spiva Mark Logan         1120         Spohrer Brent Ryan       1310
 Stachitas Megan Christin 1120         Stallsworth Sarah A      2900
 Stamm Stephanie Nicole   1810         Stanton Kimberly Erica   2900
 Starkey Hayden Hal       1170         Staton Alexi K           1320
 Steenberge Brier P       1130         Steinacker Delano A III  1310
 Steinberger David F      1120         Stephan Lucy Padro       2900
 Stephens Catherine Mchon 1110         Stepp Alexa Ann          1110
 Stepp Nathan T           1110         Steptoe Richard Devaughn 3100
 Stevens Justin Briggs    1310         Stewart Brett G          1170
 Stewart Gregory S        1320         Stiefel Philip James II  1830
 Stiles Steven Cody       1310         Stillman William Phillip 1120
 Stinehart Bradley M      1320         Story Jason Leroy        3100
 Stottlemyre Jerrid K     1310         Stoulig Lawrence W III   1310
 Stranges James William   1310         Strickland Chase Tracy   1310
 Strobel George John III  1110         Strobel Tabitha Leyden   1170
 Stromeyer Michael A      1120         Stroud Aaron Blake       1310
 Stroup Matthew Alan      1650         Strzok Kirsten M         2900
 Sturzbecher Jenny        1310         Suarez Pablo Harana      3100
 Sullivan Evan            1130         Sullivan Logan W         1310
 Sullivan Naomi C         1110         Sullivan Paul Thomas     1110
 Sun Wanshun Maverick     1110         Suzuki Ericabailey K     1110
 Szalay Steven J          1120         Szulanczyk Benjamin M    1110
 Tabanan Jason Padilla    1110         Tackes Rafe Everett      1310
 Takahashi Skyler Y       1110         Tallman Adam David       1820
 Talvo Raben Bumatay      2900         Tamasitis Patrick W      1110
 Tanko Branden Scott      1320         Tannehill Helen Maureen  1110
 Tapajcik Matthew Joseph  1110         Tate Jarred Michael      1310
 Taylor Amanda Kristine   1110         Taylor Arnold Philip     1110
 Taylor Benjamin Fennelly 1110         Taylor Ian Hardin Rexes  1110
 Taylor Louis Wilson      1110         Taylor Robert Alfred     1320
 Taynor Emily Jeanne      1810         Teer Jerome Michael      1310
 Tellez Jorge             1110         Tennyson Andrew H        1110
 Terrell Aaron Dodds      1110         Terry Scott Wayne        1130
 Tessmann William S       1110         Testa Joseph B III       1460
 Thai Jonathan Carter     1110         Thaxton Mallory C        2900
 Thiess Alexander Charles 1310         Thomas Annika Lee        1110
 Thomas Garth Taj         1110         Thomas Michael Alexander 1820
 Thompson Bradley Jay     1310         Thompson George T III    1120
 Thompson Philip A        1110         Thompson Samantha L      1310
 Thomson Angelina Rose    1110         Thornley William Burch V 1310
 Thorpe Brian Christopher 1320         Thurman Sykeshia M       1200
 Tidei Alex Joseph        1310         Tijerina Jeremy Stephen  1310
 Tillman Ryan Sebastian   1120         Tilus Preston T          1110
 Tipton Michael Edward    1170         Tocco Nathan Lee         1310
 Toney Donald Michael Jr  1830         Toombs Taylor Philip     1310
 Topping Ian L            1110         Torgesen Johanna Terese  1310
 Torgesen Theodore Willia 1130         Trant Evan Michael       1310
 Travis Travis T          1310         Trujillo Amy Cathleen    1810
 Tryon Matthew D          1310         Tucker Sean F            1110
 Tuparan Sarah M          2900         Turnbull Gordon Alexande 1310
 Turner Joshua S          1110         Tuttle Tai Marie         2300
 Tworek Justin V          1120         Tye Caitlin M            1110
 Tyndall Alexander Willia 1110         Tyree Sarah A            1110
 Uchida Timothy Hiroshi   1110         Ulbrich Jason Michael    1120
 Ulett John Douglas       1120         Underhill John Felton    1120
 Underwood Jeffrey David  1110         Utama Andrew Stephen     1320
 Valanzola Ashley Lynn    1110         Valdez Eric Matthew      1320
 Valentini Dominic Aglian 1140         Valiani Jason Hassan     1110
 Valiani Joshua Hussain   1460         Vamosy Patrick W         1310
 Vancuren Jeffrey D       1110         Vanhooser Curtis James   1130
 Vanolst Austin Robert    1170         Vanorden Mark John Jr    1310
 Vantiger Breanna Marie   2900         Vaughn Christina Louise  2900
 Vaughn Michael W         1310         Vazquez Candido R        1110
 Ventresca Andrew Joseph  1110         Ventura Jonathan Michael 1170
 Verone Alec J            1320         Vierra Edsel Christian V 1310
 Villar Shawn S           1110         Visser David Louis       1310
 Volkoff Olivia G         1220         Voltz Algernon Blair III 1320
 Voss Andrew F            1130         Vranas Todd M            1460
 Wallis Emily T           1310         Walter Amy K             1110
 Walters Michael Frances  1460         Walton Thomas Kenneth    1320
 Ward Clifford H          1110         Ward Coleman Allan       1120
 Ward Richard J           1320         Waredunn Lillian R       1320
 Wasson Aaron Nathaniel   2900         Watkis Michael Kevin Chr 1310
 Watts Matthew G          1110         Weatherington Monica E   1310
 Weatherington Zachary Ta 1310         Webb Jacob Howard        1120
 Webster Andrew Robert    1310         Webster Misty Michelle   1110
 Weeks Kevin Joseph       1110         Weerheim Jeremiah Keith  1120
 Weissberg Jon Kyle       1320         Wellens Jeremy J         1110
 Werner Margaret Anne     2900         Westbrook Phillip C      1140
 Westin Gregory Richard   1310         Wetzel Justin Tilghman   1170
 Wheaton Daniel Gary      1170         Wheeler Christopher Gera 1810
 Wheelous Rachel Dee      2900         White Alexander W        1110
 White Casie Marie        5100         White Devin C            1110
 White George Lovelle III 1110         White Joshua T           1110
 White Rebecca C          1370         Whitesell Neil William   1310
 Whiteside Jade Tiari     2900         Whiteside Zachary Kennet 2900
 Whitmore Thomas C        1220         Whitney Timothy Fenton   1120
 Whitworth Parker A       1320         Wiedmeier Victoria Leigh 1320
 Wienckowski Cory F       1310         Wier Patrick Dennis      1110
 Wilcox Jessica Lee       1170         Wilcox Michael R         1320
 Wilder Matthew Joseph    1170         Wilkerson William E III  1810
 Wilkinson Michael S      1110         Will Andrew David        1310
 Williams Brittney N      1160         Williams Cameron Matthew 1110
 Williams Gregory Charles 1130         Williams Javiera Francis 1110
 Williams Joshua Nelson   1170         Willmann Matthew Ryan    1170
 Willsey Mattheau Boyt    1310         Wilmarth Sean T          1190
 Wilson James Thomas      1310         Wilson Samina            2900
 Withington Jeffrey Isaac 1120         Witkowski Mary Camille   1110
 Wittig Eric John         1120         Wnuk Anthony J           1310
 Wohlgamuth Mark A III    1310         Woods Netnapa Sawaengsri 1110
 Worth Sterling N         1110         Worthington Kenneth G    1310
 Wright Steven W          1120         Wyatt Brandon Scott      1810
 Yarochowicz Adam D       1110         Yingling Shannon Marie   1310
 Young Aaron Tyler        1110         Young Derek Anthony      1110
 Young Grayson Scott III  1110         Young Laura Celeste      2900
 Yzaguirre William A      1120         Zaccheo Thomas Joseph    1110
 Zakriski Timothy J       1310         Zamudio Michael Tyler    3100
 Zebian Cory              1110         Ziel Erica Alma          1320
 Zuspan Chelsea Lauren    1310         Zweiban Ruben Benjamin   1130
               LIMITED DUTY OFFICER PROMOTION TO LIEUTENANT
                          DOR/EFF DATE 1 OCTOBER 2012
 Klinshaw Steven Andrew   6512      
                          DOR/EFF DATE 1 MAY 2014
 Domitrovich Perpetua Ann 6332      
              PERMANENT PROMOTION TO CHIEF WARRANT OFFICER, W-5
                          DOR/EFF DATE 1 JUNE 2014
 Heatherly Charles Keith  7531      
              PERMANENT PROMOTION TO CHIEF WARRANT OFFICER, W-4
                          DOR/EFF DATE 1 JUNE 2014
 Blanc Michael Livingston 7131         Bradford Mark Richard    7111
 Butler Billy Earnest     7281         Carpio Edwin Umayam      7131
 Dark Frank Lamar         7211         Frank Darren Lloyd       7331
 Graessle Michael Harvey  7321         Haras Davis James        7401
 Morrow Robert Ernest     7231         Rivera William Joseph    7131
              PERMANENT PROMOTION TO CHIEF WARRANT OFFICER, W-3
                          DOR/EFF DATE 1 JUNE 2014
 Graves Eric C            7121         Weaver Charles Myles     7171

2.  If a selected officer does not decline his or her promotion in writing 
prior to his or her projected date of rank (noted above in paragraph 1), that 
officer is considered to have accepted the promotion on the date indicated.  
An officer who chooses to decline his or her promotion must submit the 
declination in writing to COMNAVPERSCOM (PERS-806), prior to the effective 
date indicated above.  Limited duty officers declining appointment to 
lieutenant will be reverted to enlisted status within 90 days of projected 
promotion date. 

3.  The commanding officer, the Secretary of the Navy, or his designee has 
the authority to delay projected appointments.  Upon the exercise of a delay, 
the officer shall be notified in writing before the effective date of the 
appointment and not be tendered the appointment.  The delay authority will 
immediately forward the recommendation to delay with supporting documentation 
to COMNAVPERSCOM (PERS-83), copy to COMNAVPERSCOM (PERS-806).

4.  Prepare NAVPERS form 1421/7 (Rev 10-13).  Use this NAVADMIN as ref (a).  
Use section 624 of title 10, U.S. Code as ref (b) for permanent lieutenants 
and above.  Use section 578 of title 10 U.S. Code as ref (b) for chief 
warrant officers.  Use sections 624 and 5589 of title 10, U.S. Code as ref 
(b) for limited duty officer promotion to lieutenant.  Limited duty officer 
appointment to lieutenant is a permanent appointment; acceptance of the 
appointment is acceptance of permanent appointment as a limited duty officer.  
Mail the completed form to COMNAVPERSCOM (PERS-806).

5.  Officers should review OPNAVINST 1811.3 for minimum time-in-grade 
requirements for purposes of voluntary retirement. Full time support officers 
and those officers temporarily on active-duty anticipating release from 
active-duty under SECNAVINST 1920.6C may accept promotion without incurring 
any additional active-duty obligation.

6.  New photographs are required for all officers within three months after 
acceptance of promotion.  See MILPERSMAN 1070-180 for specific requirements.

7.  Released by Vice Admiral W. F. Moran, N1.//

BT
#1076
NNNN
UNCLASSIFIED//
