UNCLASSIFIED//
ROUTINE
R 231909Z AUG 19
FM CNO WASHINGTON DC
TO NAVADMIN
INFO CNO WASHINGTON DC
BT
UNCLAS

NAVADMIN 198/19

PASS TO OFFICE CODES:
FM CNO WASHINGTON DC//N1//
INFO CNO WASHINGTON DC//N1//
MSGID/GENADMIN/CNO WASHINGTON DC/N1/AUG//

SUBJ/ACTIVE DUTY PROMOTIONS TO THE PERMANENT GRADES OF CAPTAIN, COMMANDER, 
LIEUTENANT COMMANDER, LIEUTENANT AND CHIEF WARRANT OFFICERS IN THE LINE AND 
STAFF CORPS//

REF/A/DOC/OPNAV/11JUL11//
REF/B/MSG/CNO WASHINGTON DC/211859ZDEC17//
REF/C/DOC/OPNAV/28FEB12//
REF/D/DOC/SECNAV/24JUL19//
REF/E/DOC/COMNAVPERSCOM/23JUL07//
NARR/REF A IS OPNAVINST 6110.1J, PHYSICAL READINESS PROGRAM.
REF B IS NAVADMIN 304/17, PHYSICAL READINESS PROGRAM POLICY CHANGES.
REF C IS OPNAVINST 1811.3A, VOLUNTARY RETIREMENT AND TRANSFER TO THE
FLEET RESERVE OF MEMBERS OF THE NAVY SERVING ON ACTIVE DUTY.
REF D IS SECNAVINST 1920.6D, ADMINISTRATIVE SEPARATION OF OFFICERS.
REF E IS MILPERSMAN ARTICLE 1070-180, OFFICER PHOTOGRAPHS.//

RMKS/1.  Congratulations to the following officers on their promotions to the 
ranks indicated in this message.  This NAVADMIN is the authority for 
effecting permanent officer promotions on the dates indicated.  Columns read 
name and designator.
                       PERMANENT PROMOTION TO CAPTAIN
               CAPTAIN LINE AND STAFF SENATE CONFIRMATION DATE
                  LINE 28 JUNE 2018      STAFF 28 JUNE 2018
                       DOR/EFF DATE 1 SEPTEMBER 2019
 Adams David J            1110         Adams Jason William      3100
 Alexander Zachary M      2100         Allard Jay Edmond        2100
 Alova Rene June          2200         Anderson Erik E          1440
 Anderson Robert Lee II   2300         Aragon Marc A            1820
 Athans Kenneth M         1110         Ayan Gilbert             1110
 Baggett Joseph Alan      1110         Bagrow Philip Benjamin   4100
 Bailey Scott P           1440         Bain Jessica Sacheen     2900
 Baker Bradford White     1230         Balagna Kurt D           1120
 Barndt Peter Ryan        2200         Barnes Raymond F Jr      1310
 Barrows David Allan      2100         Barsano John Sam         1110
 Basabe Laurie Elizabeth  2900         Bell Randy S             2100
 Berchtold Thomas Ersol   2200         Berry Michael Steven     1830
 Bissell John Edward      2200         Blackston Derrick Everet 1200
 Blizzard R Wade          1320         Bodine Thomas T          1320
 Boehme Timothy Conor     1310         Bohlen Heath Darrell     1830
 Boman Daniel Angelo      1310         Bowman Orlando S         1110
 Brackett Enid Sara       1710         Brady Derek              1310
 Bridgewater Kendall Gene 1110         Brooks Troy William      2200
 Brown Carvin Archie      6330         Brown Christopher A      1110
 Burkhard Michael Andrew  1440         Burkhart Paul R          1110
 Buschmann Jeffrey P      1830         Bush John Roy            1510
 Bushnell Jillene Marie   1800         Cadena Robert C          1810
 Caldwell Russell J       1110         Callaway Lewis Wynne     1320
 Cantu Marcos D           1310         Capili Remil Jonathan    1440
 Carney Leo A             2100         Carpenter Robert Jay III 2100
 Cason John Braxton       2100         Cavazos Gabriel Bernard  1120
 Chaney Dewon M           1310         Chapman Matthew Eliott   1120
 Chavez Tony              1310         Cheatham Adam Gregory    1110
 Cieslukowski Matthew W   1110         Clare Thane Connor       1110
 Clark Timothy Michael    1120         Coe David John           1120
 Coke Hartwell F          1800         Cole Eric Douglas        1120
 Collins Clifford         6410         Cooperman Kathleen K     2300
 Covarrubias Adan Jason   1310         Cowart Charles C         6490
 Cox David Scott          1120         Crawford Marc Darin      1110
 Cruz Tanya               2500         Dale Samuel J            1710
 Danko Janine R           2100         Darling Julie Ann        2900
 Dawson Gray Newton       2100         Decker Thomas Allen      6390
 Dellanno Arcangelo P     3100         Demeyer Paul Wayne       3100
 Desmond Michael Paul     1110         Devlin John Joseph       2100
 Doan Andrew P            2100         Domencic Christopher J   1130
 Doss Gary Ward           5100         Douglas Kenneth Steven   1120
 Drechsler Brian Michael  1130         Duelley Benjamin Paul    1320
 Dugan Darren T           1110         Eaton Jennifer Lynn      1110
 Eckhart Charles Benjamin 1140         Edgerton David Lee       1120
 Elkins Kathleen Allison  2500         Emerick Jill Ellen       2100
 Eng Christopher D        1810         English Jason Corbett    1830
 Enriquez Ricardo Gerald  6110         Evers Martin Ernest      2200
 Fabacher Howard B II     1200         Facundo Rafael Celestino 1320
 Fahlenkamp Keith Brandon 1440         Fancher Ronald A         2900
 Farr Matthew Wade        1510         Faulk Steven Edgar       1120
 Fendrick Troy Ardell     1110         Fitzpatrick Patrick Jose 2900
 Fleming Adam Lum         1110         Flood Lance Michael      5100
 Flores Paul Novo         1310         Flores Ramiro E          1520
 Foley Steven M           1110         Forman David Samuel      1120
 Foskett Michael Edward   4100         Franco Ana Isabel        5100
 Gardner Todd A           2100         Gay John Edward          1650
 Gaydash Jeffery John     1320         Geddes Jason Matthew     1120
 Gendron Patrick Earl     1310         Gensley Richard Matthew  1510
 Ghen Matthew L           1820         Gilbertson Christopher J 1110
 Giles Tracey R           2900         Gonzalezocasio Javier    1110
 Graham Amy E             1110         Graham Chad William      1110
 Grasmuck Elizabeth A     2100         Greene Luke B            5100
 Greer Joy A              2100         Guidry Stephen L         2900
 Gunther Michael J        1110         Hagen James Raymond      2300
 Hale John William        1120         Hamilton John Hilton IV  3100
 Hamlin Christopher M     2200         Hampton Charles Edward   1110
 Harder Joseph D III      5100         Harmeyer Randall Ernest  5100
 Harnetiaux Keith James   1710         Harrington Gary Allen II 1110
 Harts Justin Lynn        1110         Hasan Charleese Ruth     1830
 Hatch Brian Clair        2300         Hawley Daniel B          2100
 Herwitz Marc David       2300         Hoffman Kevin J          1110
 Hoffman Roy E            4100         Hogan Brian Patrick      1120
 Holcomb Matthew J        2300         Holcombe Henry F Jr      4100
 Hollis Ewell M           2100         Horgan Christopher T     1120
 Hourigan Patrick William 1310         House Sharon L           2900
 Howard William R         2300         Hoyos John Bayron        2200
 Huebner Chadley R        2100         Hutchins Abigail A       1110
 Hutchison Todd Edward    1110         Isaac Tracy Reeva        2900
 Jacobson Blake G         1810         Jasso Marcos A           1320
 Johnson Jeffrey Francis  1130         Johnson Michael R        1110
 Johnston Corey Shaw      1710         Jones Bradley Elliot     2200
 Jones Franca Rebecca     2300         Kaiser David Isaac       1120
 Karosich Brian Arthur    1440         Kase Shawn B             2900
 Keeler Daniel Jacob      1310         Keller Anthony W         2100
 Khorassani Nima Abbasi   2200         Kim Jonathan Ji Hyung    1440
 Kleinschnittger Ken Jose 1140         Kline Michael Paul       1510
 Koprowski Peter Michael  1830         Kucik Corry J            2100
 Lang Joel B              1110         Langenberg Douglas M     1320
 Lashmet Paul David       1810         Lawrence Richard Bruce   2900
 Lawrence Tamara D        1650         Leese Bryan Henry        1830
 Lewandowski Jeanne M     2900         Lewis Andrew Justin      3100
 Leyva Fernando F         2100         Lin Andrew H             2100
 Liotta Robert A          2100         Liu Michelle Ferdinand   2100
 Lloyd Dennis S           1320         Logan Ryan J             1310
 Logan Vencent W          1520         Lookabill Ryan Davis     3100
 Luu Thu Nhuan            2200         Maher James Michael      1820
 Mainor Walter C          1110         Malloy Ronald Patrick    1130
 Manning Debra A          2100         Mariner Andrew Peter     1310
 Marvin Christopher E     1110         Massenburg Walter B Jr   1510
 May Stephen Boyd         1320         Mcalwee Geoffrey Patrick 1310
 Mccarthy Gill            1110         Mcdowell Steven Robert   1110
 Mcfarland Joel T         2100         Mcinnis Amy Marie        1110
 Menzel Joshua M          1110         Miani Wayne Anthony Jr   2500
 Milbrandt Dorothy Smith  1830         Miller Edward B IV       5100
 Miller Garrett H         1110         Miller Joe               2100
 Miller Matthew Braden B  2200         Minarcik John Robert     2100
 Mooney Michael Todd      2200         Moore Emori Anne         2100
 Moore Timothy C          1110         Moran Michael P          1200
 Murphy David Edward      1130         Murray David L           1440
 Naley Erik Ronald        3100         Neal Christopher J       2100
 Newsome Andrew Thomas    1810         Nordeen Michael David    1310
 Obellos Ernan Salanio    3100         Oconnor Jon Anthony      1830
 Ogden Thomas Michael     1110         Ohara Michael Patrick    1230
 Ort Matthew H            1310         Osborn Christopher M     1120
 Parrella Mark C          1440         Partida Gonzalo          1320
 Pegher Douglas James     1110         Pendergast James Michael 1830
 Perkins John P           1650         Pickard Kenneth Scott    1110
 Polson Marcus Ross       1830         Poulin Donna             2300
 Prescott Stacey Ann      1710         Quaresimo James Arthur   1110
 Quick James Curtis III   2300         Quinn Daniel Thomas      1320
 Rak Michael John         1110         Ralston Kevin Wesley     1110
 Read Margaret Marie      2300         Repass Jeffrey Jordan    2300
 Richard Christopher A    1310         Rierson Christopher J    1130
 Robbins Robert Patrick   1130         Robertson Martin L       1110
 Robson Kristie A         2100         Roenke Henry Merrill IV  1120
 Rojas Oscar Edier        1140         Roper Arnold Ivanhoe     1310
 Ropp Corby D             2100         Roussakies Joannis C     1120
 Rule Ethan Matthew       1110         Ryan Richard Hugh Jr     4100
 Sager Eric Marshall      1120         Sanchack Kristian E      2100
 Sanders Gregg Steven     1310         Sanders Karrey D         1110
 Sauter Bettina Mae       2100         Savarese Michael Joseph  1510
 Sawicki Brian Jeffery    1510         Schofer Joel M           2100
 Schoonover Ronald Lee    2300         Schroeder Matthew K      1440
 Shaughnessygranger Kim P 2900         Shoger Holly Beth        1510
 Slappy Sean Lamar        1140         Smallwood Robert G III   1310
 Smith Janice Gloria      1110         Smith Megan K            2500
 Sol Darryl B             2900         Soley Leah Kristen       2100
 Song Zhengshi            2200         Sowers Jeffrey David     1310
 Spies Karsten Erik       1710         Stallinga Beth Ann       4100
 Stebbins Jeffrey Ward    1140         Stephens Thomas Scott    1110
 Stewart James W          1310         Stoddard Ryan Manse      1310
 Stoughton Shane          1800         Stowe Ronald Larsen      1120
 Stroup Sean P            2100         Stuart Clifford Allen    4100
 Tanap Reynaldo T         6130         Tardy Matthew Lawrence   1440
 Tarrant Andrew D         2900         Testa Daniel W           1310
 Thames David Blake       4100         Thomas Megan A           1110
 Thompson James Monroe Jr 2200         Thompson Timothy M       1320
 Todd David Michael       4100         Torres Joseph A          1110
 Tremblay Paul Scott      4100         Trent Daryl E            1320
 Triggs Shawn M           3100         Turner Joyce Yang        2200
 Vanness Howard K         2200         Vass Craig Timothy       2900
 Walch Stefan L           1110         Walters Rustin C         2100
 Ward Kenneth Patrick     1310         Warner Jason Carl        3100
 Weidner John Westley Jr  1320         Weigelt Brian D          4100
 Wells David Scott        1310         Wells Natalie Yvette     2100
 Westbrook Edward K II    2500         Westland Maximillian L   1830
 Wheeler Michael Greyson  1200         Wiegmann William W       2900
 Wilcox Matthew Thomas    1520         Williams Christopher M   2500
 Williams Eric M          6130         Williams Teddy Lee Jr    4100
 Williamson Jason J       1310         Wolynski David Preston   1830
 Wonpat Francisco I       2900         Woodbridge Mark L        2100
 Woodley Keith C          1110         Wooten Danielle M        2300
 Wysham Rafe Kemp         1320         Yang David Sunghton      4100
 Yanik Timothy John       1120         Yates Mark W             6200
 Yee Robert Andrew        1820         Young Jason Paul         1310
 Yun Sabina Sukran        2200         Zayac Kevin Patrick      1310
 Zielinski David M        1110
                    SENATE CONFIRMATION DATE 23 MAY 2019
                       DOR/EFF DATE 1 SEPTEMBER 2019
 Krisman Michael D        3100         Omahoney Patrick Henry   1110
 Plew Stephen C           1110         Stepp Jason Todd         1110
 Wagner Micheal K         1110
                    SENATE CONFIRMATION DATE 27 JUNE 2019
                       DOR/EFF DATE 1 SEPTEMBER 2019
 Chappell Meger D         1110
                      PERMANENT PROMOTION TO COMMANDER
                   SENATE CONFIRMATION DATE 03 AUGUST 2017
                       DOR/EFF DATE 1 SEPTEMBER 2018
 Nuila Sean James         3100
              COMMANDER LINE AND STAFF SENATE CONFIRMATION DATE
                  LINE 28 JUNE 2018      STAFF 31 JULY 2018
                       DOR/EFF DATE 1 SEPTEMBER 2019
 Abbott Charles B         1320         Abdolazadeh Laleh        2200
 Abels Lisa Leith         2100         Abramowitz Bradley Hayes 1810
 Ackerman James S         1310         Agor Allen Michael       1120
 Agostinelli Jason M      1320         Ahle Melanie K           1320
 Ahmadi Darius V          1120         Albano Jonathan David    3100
 Alexander David William  4100         Allan Matthew P          1310
 Altemara Kevin Joseph    1830         Ambrosino Vincent M      3100
 Amell Lynda Sue          2300         Anderson Mark K          1140
 Andreu Hiram             1110         Andros Stephen T         1140
 Anthony Brian Sheldon    1110         Ara Martin John          1830
 Argenziano Matthew Roman 1440         Astroth Kurt C           1110
 Atienza Frederick        1110         Ault John D              4100
 Bailey Daniel Andrew     1140         Bailey Matthew S         2500
 Bailey Troy D            1440         Bakken April D           1110
 Balazs George Christian  2100         Ballas Thealos Charles   1110
 Banks Brent L            1310         Banks Taylor Allen       2100
 Baran Jeremy Paul        2100         Barber Don Edward Jr     1810
 Bardin Jeremy James      1320         Barksdale Nadine Smith   2100
 Barlow Lucas Gardner     1710         Barnes Christopher E     2300
 Barnes Jeremy Dillon     1130         Barnet Eduardo Farias    2900
 Barry Edward J           1120         Batiste Patrick Allen    6310
 Battisti John J          2500         Baugh Jonathan R         1120
 Baykan Deniz Mary        2500         Beaton Jonathan Scott    1310
 Behm Kevin John          1120         Bell Samuel David        1120
 Bencini William M        1110         Benjamin Jeanine F       1200
 Bennett Allison Leigh    2300         Bennett Christopher B    1320
 Bennett William Oneail   2300         Berens Darrick M         1320
 Bernotavicius C          1710         Betz Diana L             1110
 Beuttenmuller Peter T    1830         Bigornia Veronica E      2100
 Blais Christopher E      1120         Blake Karlie Mcclelland  3100
 Blanchard Robert Darrell 1440         Blasy Christian W        1110
 Blaydes Brian C          1320         Blevins Benjamin Robert  2100
 Blevins Erin Mckenzie    2100         Blind Patrick Edward     1310
 Blosser Colleen Cassidy  2900         Bode Travis Zerlan       1830
 Boggess William Paul     2200         Boggswilkerson Denise    2100
 Borszich Peter Michael   1310         Bowers Todd Christopher  1120
 Boyd Bradley M           1120         Boyles Jay E             1830
 Brege Eric Daniel        1440         Bresnahan Scott Andrew   1120
 Brewer Timothy Shane     1110         Brickner Scott E         1110
 Bridges Damon J          1110         Briggs Robert J          1110
 Brink Erik D             2100         Brinston Edward          2300
 Broadwell Brian C        1810         Bronaugh Stephen M       2100
 Brossard Hyrum Tae       2300         Brown Daniel Edward      1830
 Brown Jeffrey Keen Jr    1130         Brown Michael J          1120
 Brown Randall Mark       1320         Browning Thomas John     1320
 Broznak Valerie K        1110         Bummara Justin M         1110
 Bungay Brian C           1110         Burdick Brian K          2900
 Burgon Joseph C          1110         Burke David Bradley      1120
 Burke Robert Charles     1110         Burkle Nicholas A        1310
 Butler Patricia Danielle 2900         Buzzell Lindsey Claire   1510
 Byrne David Edward       6130         Calandruccio Jason D     3100
 Campbell Calvin M Jr     1320         Campbell Kathleen Marie  1440
 Cantu Rhonda Helvitia    2900         Capp Shannon M           2100
 Carlson Alan Jay         1320         Carlton Edward A         1200
 Carmody Francis J III    1800         Carter Donald James      1310
 Casne Christopher Samuel 5100         Causee Christopher       1110
 Centaure Marcelo A       2900         Chamberlin Brett Marar   2100
 Chambers Charles E II    1310         Chapman Russell Daniel   1830
 Chappell Victoria Anne   4100         Charles Joseph William   5100
 Chatman Tarus D          1310         Cheng Katherine Loree    2200
 Chesnut Gregory Thomas   2100         Chiaruttini Robert D     2100
 Christensen Mark Jason   5100         Christenson David Allen  2500
 Chronister Alan Deen     2300         Clark Lisa Anne          1520
 Clemons Randall J        1110         Clifford James C         2100
 Clingan Mary Jennings    2100         Clough Gavin Hughes      1710
 Coates Andrew F          1310         Coffeen William Irwin IV 3100
 Col Stephen Martin       1120         Collier Nicholas Scott   1310
 Combs Suquon Donte       3100         Conger Trevor J          1120
 Conley William K II      2100         Conner Robert B          1820
 Connolly John D          4100         Cooper Charles Thomas    1110
 Cooper Lida Pardue       1110         Cooper William John      1110
 Copeland John Charles    1830         Corbliss Mark Kevin      6430
 Cordonnier James Ross    1310         Cornell Michael J        2900
 Cortez Jose B            1110         Coseo Mark Peter         2100
 Cottrill Sarah Jane      2500         Cowley Luke Allyn        5100
 Cox Tiffany Candace      2100         Craven Christopher E     6200
 Crawford Earl Anthony    1310         Crayton Frederick D      1110
 Creighan Jeffrey Joseph  1320         Crestetto Jeremy Daniel  1710
 Crimm Hampton A          2100         Croly Scott Bryan        6200
 Crouch Collier Craig     1310         Cudnik Raymond J III     2100
 Cuento Robert Ferrer     2900         Cummings Brian Douglas   1810
 Cunningham Michael E     2100         Cushanick Matthew S      1800
 Cutler Nathan S          2100         Dalo James Joseph        1310
 Dalphonse Diana Ivanova  3100         Dalrymple Michael S      1140
 Dantonio Louis Agustine  1310         Dattoli Matthew John     1110
 Davis Andrew Charles     1830         Davis Bennett Lynwood    2100
 Davis Kent Lyle          6310         Dean Andrew B            1310
 Deangelis Christopher S  2300         Debbink John Paul        1310
 Dechambeau Amber Nicole  2100         Decker Erik Andrew       3100
 Delaneuville Jason       1320         Dennis Shane R           1110
 Dennis Shaun E           1110         Dent Teresa Charlene     2900
 Desousa Cristiano Silva  4100         Diaz Jamie J             1110
 Dicarlomeacham Angela M  2100         Dietz Peter Wilson       4100
 Divito Jason D           1310         Dobbs James Rosson       1320
 Dobson Anthony Eric      1820         Dodge Damien Andrew      1810
 Dohm Kyle Dale           2300         Domina Andrew Lee        1120
 Domingos Matthew Paul    1830         Donahue Timothy Joshua   2100
 Donald Korrina R         2300         Donnelly Megan Mulhern   1310
 Donohue John T           1140         Doran Thomas Jason       1310
 Dorsey Jonathan David    1310         Dougherty Sean Richard   1310
 Dow David Michael II     2200         Downey Danika Jo         2200
 Doxey Michael Lloyd      2100         Duchesneau Joseph Edmund 1810
 Duenas Paul Sablan       1110         Dues John J Jr           1310
 Dunaway Joseph Aaron     5100         Duplantier Marcel Thomas 5100
 Dutton Nicole Jane       2300         Dy Adrian Altares        1830
 Dykstra Steven A         1120         Easton Lyndon D          1830
 Eckhoff Justin P         1310         Edmonson Robert L III    1120
 Edwards David Foster     1310         Edwards Gregory W        1120
 Edwards Lloyd Robert     1130         Ehrhardt Brian James     1130
 Eisenberg Charles Seth   2100         Eisenmenger Seth R       1320
 Ek Michael E             1320         Eliot Colin Alexander    2200
 Ellis Duncan Robert      3100         Ellis Krysten Janelle    3100
 Ellison Carolyn Howard   2900         Emanuelsen Kirk David II 1320
 England Carolyn Jean     1440         Epps Jamie M             1310
 Eshenour Henry Paul      1110         Espiritu Ashlee Colvin   2300
 Etherington Carole J     1440         Eytel Richard C          1110
 Fallon John Eric         1820         Fancher Brad A           1110
 Farmer Dean Blaine II    1510         Feezor Nathan Allen      1830
 Ferguson Ebony J         2900         Fierros Suzanne Nichole  2900
 Figueroa Erik Steven     1310         Findlay Jeffry S         1310
 Findley Kenneth Earl     3100         Fischer Benjamin Wakuda  1200
 Fishman Spencer Manin    1310         Fitch Jamie Lynn         2100
 Fitzharris Benjamin D    2200         Flanagan Karen A         2900
 Fletcher Neil Bryan      1310         Flood Jason Matthew      1830
 Foerschler Derek Lyle    2100         Foley Brian Christopher  2100
 Fontenot Joseph Austin   1120         Ford Larry R Jr          1110
 Foshee Gary W            4100         Fowler Shannyn Welsh     1110
 Franks Joseph Walen      1310         Frankston Amy Joy        2100
 Frantz Robert J          1310         Frazer Rebecca Ann       2200
 French Jamie Leverentz   1310         French Scott B           1310
 Frey Monica Madeline     3100         Fringer Roger Larry      1320
 Frisby Michael L II      1310         Gabriel James Gregory    1830
 Gaffney Mimi Haivan      1830         Galbreath Jacob Paul     1820
 Galera Abdon Floresca    2900         Gammon Jeffrey Scott Jr  1120
 Garciaduenas Danilo A    2900         Gardner Maxine Jean J    3100
 Garza Francisco X        1110         Geleszynski David B      1510
 Geller Jared Adam        2200         Gentry Sarah Elizabeth   2900
 Gilkey Craig M           1820         Gillenwater Robert B     1140
 Gillis Robert J Jr       1120         Gilson Ann K             1320
 Gire Michelle A          1110         Glarner Sean Terrence    1320
 Glassman David Michael   2100         Goff Jason Alan          2900
 Gomez Reina              2300         Goslee Edward Earl       6490
 Grace Douglas Alan       4100         Graewert Eric K          1810
 Graham Michael C         1120         Granger Sarah Lynne      2100
 Graning Rolf E           2100         Grant Mitchell Peter     1510
 Grau Michael James Jr    2200         Gray Shamar Donnell      6280
 Green Christopher James  1110         Greenfield Cullen M      1110
 Greenlees Andrew J       1110         Grubbs Gregory A         1110
 Gunta Joseph             1110         Guzman Johann Alberto    1830
 Haag Ryan N              1810         Hafeman David Michael    1310
 Hair Omar Alim           6410         Hammen Eric P            4100
 Hammersla James L III    1810         Hamptongaines Berthea G  1830
 Harkins John D           1320         Harper Jason Patrick     3100
 Harrington Brian H       1510         Harrington Stephen C     1310
 Harris Michael James     1800         Harry Zachary Denellius  6200
 Hart Bryan Patrick       1110         Hastings Todd Ryan       6110
 Hawkins Brian John       1520         Hays Matthew G           1110
 Heaton Neal Douglas      1130         Heavrin John David       1830
 Heiges Penelope Jo       2900         Hellard Michael J        1110
 Hellmann Brian Charles   6160         Hemminger Daniel Lee     1440
 Henderson Gregory S      2100         Hendricks Benjamin Brian 1310
 Henriquez Natalia C      1710         Henry Antonia Jocelyn    2100
 Henry Edmund Dewitte     1310         Herndl Phillip C         1110
 Herron Nathaniel Lee     5100         Hettling Frederick G     1110
 Higginbotham Samuel      1110         Hillson Courtney Legrand 1650
 Hiscock Kyle W           1110         Hocker Scott Andrew      2200
 Hoefler Matthew F        2100         Hoffman Nicholas G       1110
 Hogan Jacqueline Anne M  2200         Holland Christopher D    1120
 Holmes Elisabeth B       2900         Honebein Daniel James    1830
 Honl Daniel Joseph       2200         Hood Edward U            1520
 Hopp James F             1110         Hora James Henry         1130
 Horn John Brian          1310         Howell Adam              1310
 Howey William John III   1120         Hudson Scott Christopher 1320
 Hughey Clayton J         1120         Humphreys Matthew A      2100
 Hunt Andrew Brian        5100         Hunt William Baron       3100
 Hurvitz Andrew Peter     2100         Ileto Jason Vern         3100
 Iliff Ian Grant          3100         Im Lewis Shinil          1120
 Immeker Daniel Lee       2300         Imperatore Andrew M      1310
 Ingram Sterling Paul IV  5100         Irrgang James J Jr       1110
 Jacobson Katie           1110         James Jaime Lee          2200
 Jardine Dinchen Anna     2100         Jeanpierre Jason Gerard  1110
 Jeltema David John       4100         Jenkins Theresa Diane    2900
 Jeremiah Ameian          1110         Johns Dustin M           1810
 Johnson Brock Jonathan   2200         Johnson Devine           1110
 Johnson Jada Elata       1710         Johnson Kevin Donald     2100
 Johnson Lucas A          2100         Johnson Mark Stephen     2100
 Johnson Rebecca Lynn     2100         Jones Brett Lewis        1310
 Jones Charles Keane      1830         Jones Randall David      1710
 Jones Russell William    1120         Jones Scott A            1110
 Jones Timothy Benjamin   1320         Kahn Jeffery A           1120
 Kalkas Nicholas George   1830         Kapur Jaime Heather      2100
 Karaffa Joseph T         1310         Kaylor Theresa Leslie    1110
 Keener James Matthew     2300         Keith Todd M             1510
 Keller Matthew William   2100         Kemper Brennan Jude      3100
 Kempner Benjay Joshua    2100         Kendall Shellie Marie    2100
 Kendel Michael Lewis     1120         Kennedy Christi Nicole   1110
 Kennedy Maria            2900         Kephart Marcus Andrew    1320
 Keppen Michael J         1200         Kessler Michael William  1120
 Keuski Brian Michael     2100         Kidd Michael Allen       3100
 Kiletico Micah Joel      5100         Kim David Dong Jin       4100
 Kim Tim Inchul           2100         Kimberling Robert Joseph 2900
 Kirschke John Alvin III  1130         Knox Jason Dennis        1110
 Kobold Kyle Douglas      1460         Kocis Nathalie Christina 1200
 Koelling Erin Elizabeth  2100         Kos Michael J            1120
 Krause Daniel James      1310         Krause Joanna Register   2100
 Krauss Tracy Ranea       2900         Kristenson Joshua Daniel 1110
 Krites Phillip Robert    1310         Krozel Mark K            1110
 Krug David J             6200         Kukla Steven Henry       1320
 Kung Andrew C            2100         Kupyar Bryan Joseph      6260
 Lafever Blake Warren     1820         Lampert Duane Joseph     2900
 Langley Peter Daniel     1310         Larkin Matthew S         1200
 Larwood Charles A III    1310         Lattus Gene Michael Jr   3100
 Lauer Laura Michelle     2100         Law Lyla Evelyn          2900
 Lawson Troy Richard      1140         Lazaro Darien Gonzalo    2200
 Leader Michael Reed      2100         Leatherwood Andrew B     1320
 Lebeau Derrick           2900         Lee Richard S            4100
 Leonhardi Eric Vincent   1320         Lesaca Peter Escobar     1110
 Letcher Matthew D        1310         Levasseur Kristen N      1320
 Lilleberg Michael Alan   1120         Lindley Lance Robert     6410
 Lindsay Matthew Luke     1810         Liptak Carl Stanley      1310
 Liskey Dale R            1820         Lodmell Lacy Nolan       1120
 Loftuswilliams Jocelyn E 2500         Lohn Jonathan Dwight     1710
 Long Jonathan Edward     1110         Long Scott Anthony       3100
 Longabaugh Christopher J 1320         Lopez Jacqueline         2900
 Lorenz Joshua Richard    2500         Lovastik John Albert V   2500
 Lubke Jennifer Pollio    2500         Lunsford Nicholas J      1320
 Lusk Joshua Lyn          1443         Luteran Andrew Michael   1440
 Lutke Cody Christopher   1310         Lydon John Manning       2100
 Lyle Michael Robert      1120         Lynch Michelle M         2100
 Macdonald Caleb Warren   1440         Maclin Melissa Alexander 1830
 Madonia Eric Joseph      1110         Madren Nicholas Cade     1310
 Maguire Jennifer Jean    2900         Mahoney David D          1110
 Mahoney Paul J           1140         Mallory Peter A Jr       1710
 Mantone Johnpaul S       1110         Marin Hector             1120
 Marks Michael Robert     1310         Martin Russell David     4100
 Martinsen Bradley Daniel 2200         Mascotti Andrew John     1310
 Mastriani John Keenan    1110         Mateikat John Robert     1110
 Matthews Adam Mark       1120         Maxwell Joseph Austin    1810
 May Benjamin Isaac       3100         Mccallister Dustin Ross  1310
 Mccallister Ronald W     6180         Mccandless Thomas D IV   1110
 Mccarter Jonathan Cale   1810         Mccormick Matthew Allen  1320
 Mccreary Quintrell L     1200         Mccully Jerod David      5100
 Mccurry Christopher G    1110         Mcdaniel Jameel          1310
 Mcdaniel Kyle Owens      1310         Mcdonald Michael R       1130
 Mcdougall Eric P         1440         Mcgehee Brandi Sue       1200
 Mcgettigan Joseph L      1110         Mcgill Scott Anthony     2900
 Mcguire Michael Sean     1120         Mcintyre Donald Mark     3100
 Mckeon Brian Douglas     1800         Mclaughlin David J       1310
 Mclaughlin Michael P     1310         Mcmahon Alexander M      1110
 Mcmahon Matthew Patrick  2900         Mcmahon Michael Thomas   1140
 Medina Gillian L         1110         Meise John William       1110
 Mercado Jose A           2900         Metzger Paul D           2100
 Miante William Thomas    1310         Michalowicz Matthew M    2100
 Miles Jeffrey Allen      2900         Miller Christopher M     1310
 Miller Crystal Ann       1440         Miller Jon Allen         6130
 Miller Russell Jason     2100         Mitchell Sunny           4100
 Monger Bradley Michael   1320         Montague Michael Gavin   2500
 Montgomery Gareth A      5100         Moore Chad Brian         2900
 Moore Colleen E          1110         Morales Frank J          1130
 Morales Wilfredo         2300         Morrell Patrick Thomas   2200
 Mortimer Jason Paul      1130         Motichka Jeffrey Allan   6160
 Mravlja Matthew Anton    1310         Mullerheim Michael James 3100
 Murriel Markeece Lamone  2300         Naczas Sara Lynn         2900
 Nagley Eric Allen        1520         Nastro Kristopher Jason  1310
 Neal Meredith Richard    2100         Neff Robert J            1310
 Nehrke Benjamin E        1110         Nelson Jason A           1110
 Nelson Jimmie Lee        1820         Nelson Sean M            1820
 Nghiem Hoan Boi          2200         Nguyen Thanh Tan Jr      1310
 Nichols Benjamin Scott   3100         Nichols David A          1120
 Nielsen Keith Soren      1110         Nikitin Shelby M         1110
 Nocera Mark Alan         2200         Nogle James Michael      2300
 Norgaard Peter Lee       1440         Nyheim Erik A            1130
 Nyilas Peter I           2900         Oakes Joshua D           1110
 Obrien James Michael     2200         Ocanas Kristel A         1110
 Oconnell Tod Finbarr     1110         Oconnor Andrew C         1710
 Oconnor Christopher Fitz 3100         Oflanagan Thomas Patrick 4100
 Okelly Nathaniel I       1310         Oneal Stacey L           1110
 Oneill Brendan           1130         Ormeno Monica Delcarmen  2100
 Orsino Frank J           1310         Ortizpomales Yan Tomas   2100
 Ostrom Peter Robert      2500         Owens Emily Ann          2300
 Padgett Jonathan Dion    1120         Page Greg A              1110
 Palacios Cindi L         2300         Paone Stephanie Marie    2900
 Parente Steven C         1310         Parish William Joseph    1710
 Park Andrew Christopher  2200         Parks Christopher Don    2200
 Parm Jeremy J            1120         Parsons Andrew Mitchell  2100
 Pauli Walter             1830         Payne Michael Lee        2200
 Pearman Douglas Wayne    1800         Pelt Isaac M             1120
 Pembleton Gary L         1310         Pennington Kendra L      2900
 Perez David Christopher  1810         Perez Leonel Jr          2200
 Perez Roberto Rafael     1830         Perry Joshua Michael     5100
 Person Daniel William    1510         Peters Robert W          4100
 Peterson Travis J        2900         Pfeiffer Michael W       1310
 Phillips Jonathan Paul   1130         Phillips Thurman Bert    3100
 Pinkos Kevin A           2100         Platt Bryan James        2100
 Podrazik Kurt Louis      1810         Polk Kristina Marie      2100
 Polnaszek Christopher L  1110         Polo Anthony J           1310
 Potter Randal K          4100         Powell Matthew Barrett   1120
 Powers James Richard Jr  1310         Pratt Matthew George     1310
 Pratt Timothy Michael    6200         Prescott Richard J       1310
 Price Gregory Benneth    6260         Prince Michael Allen     6110
 Prouty Michael Glenn     2300         Pyle Jessica L           2500
 Quarles Eric Lamont      1520         Quimby Jon Burke         1120
 Quirk Allison May        1800         Rafal Alex Serge         1120
 Ragadio Joshua N         1120         Ramirez Robert III       1130
 Ramsey Robert Stephen    5100         Rariden Mathew Brian     2300
 Rasmussen David Michael  2200         Reddeg Daniel Adam Jr    1810
 Reese Cassidi Ann        1510         Reiner John R            1310
 Reiziss Brian Gregory    1320         Reynolds Margaret M      2900
 Reynolds Tracy Lynn      2500         Reynolds Walter Allen    1510
 Reza Matthew V           2900         Richer Christian P       1320
 Ricks Benjamin Leon      2200         Ridley Logan Timothy     1310
 Rigler Shannon Lee       2100         Rion Eric Preston        6260
 Ritchie Jason Thomas     1830         Rivera Victor Antonio    2100
 Roark Jeffrey Michael    1830         Roberton Aaron Donald    4100
 Roberts Erik S           1110         Roberts Jeffrey R Jr     1120
 Rodriguez Robert         1140         Roe Dawn Chase           5100
 Rogers Justin Leonard    2200         Rogers Timothy E         1310
 Rollings Sumner James Jr 1130         Roman Jaime Ivan         6310
 Ropp Daniel D            1510         Ross James Mitchell      2200
 Rotruck Shannan Christi  2900         Russell Crystal A        2100
 Salvia Justin Joseph     1440         Sanchez Aaron            1200
 Sanchez Manuel           6330         Saner Chad Edison        6160
 Savery David Nelson      1830         Savitz Julia A           2100
 Saylor Michael A         1310         Scancella Jenifer Marie  2300
 Scarbrough Justin Lynn   1830         Schaeffer Kevin Matthew  1110
 Schaffeld Amanda E       2900         Schermerhorn Jonathan P  1110
 Schofield Jacob Phillip  1510         Schoultz Bradley Vincent 1130
 Schriver Gordon Michael  1320         Schroeder Rebecca Ann    2900
 Schulz Katie Elizabeth   2900         Scianna James A          1800
 Scully Michael Sean      2100         Seamount Joshua D        1310
 Seeley Brett R           1110         Sesler Ernique Laverna   1110
 Shabazz Obie I           1830         Shibley Heather Lynn     2100
 Shipman Tammy Lynn       1520         Short Michael M          1310
 Shovlin Katherine E      2500         Simons Mark Paul         2300
 Sims Hayley Caroline     1650         Sischy Adam Charles      2100
 Smith Christopher S      2100         Smith Damian J           1440
 Smith Jarrod Heath       3100         Smith John C             1120
 Smith Kellie J           1110         Smith Michael Ryan       1320
 Smothers Richard Clay    4100         Sorenson Jamie M         2900
 Sosebee Philip D         1120         Sowell Kenneth Dean      5100
 Spivey Charles C III     1110         Stanley Reynaldo A Jr    6310
 Starr Matthew Gregory    1310         Stauffer James B         1320
 Stehlin Anne Crawford    1310         Stetler Christopher A    2100
 Stewart James T          5100         Stoner Kristina Melendez 1110
 Storz Damian Michael     2900         Stranges Anthony George  1120
 Stratman Scott A         1310         Strawn Alan Anthony      2100
 Strout Jared J           1310         Stuewe Chad J            1710
 Stutzman Aaron Michael   1120         Sullen James Jr          1110
 Swanson Jessica          1710         Sweet David Scott        6330
 Sweetser Jared Joseph    3100         Sweitzer Jeffrey R       1320
 Tamez John               3100         Tate Keith J             1110
 Tay Francis Johnson Jr   5100         Tembreull Patrick E      1120
 Terpstra Eric Richard    2100         Thomas Jared Blake       1310
 Thomas Lisseth Carmen    2300         Timog Jericho B          1520
 Tomar John L             1810         Trago Todd M             1310
 Tran Tin T               1110         Trask Adelaine Devera    2100
 Trask Scott A            2100         Turner Eric Darren       1110
 Turner Joseph S          1120         Turner Keith T           1110
 Turner Shaun S           1310         Utz Edward R             2100
 Valerio Stephen M        1110         Vandyke John Carden      4100
 Vannest James Scott      1110         Vanzeyl Jenna Kristin    1110
 Vasquez Joe Myers        1650         Viers Angela Gale        2100
 Vincent Andrew J         1130         Visger Benjamin Felix    1710
 Vogelgesang David Ryan   1310         Volk David Mathew        2100
 Volk William Robert      2100         Voss Matthew Philip      1320
 Vrbas Jacob N            1320         Wagner Jeremy Jordan     1830
 Waite Benjamin Charles   5100         Wallace Leslie Harper    2200
 Walsh Timothy Parnell    1320         Waltman Charles E II     1310
 Wandell Travis E         1310         Ward Allison Elizabeth   2500
 Ware Stanley Carmicheal  1820         Warnock Alicia Lynn      2100
 Watts Matthew Nicholas   1800         Weathers Jeremy Martin   1110
 Webb Jeffrey Michael     1320         Webb Michael Robert      1110
 Weber Lauren Ann         2100         Weers Gerald V           1130
 Welgan Michael J         1110         Welles Scott E           1310
 Welsch James Vincent III 1110         Wendler James Matthew    1120
 Westcott Jeremy Heath    2300         Weston Eliot Alan        1320
 Wheeler Samuel           1310         White Alfonza Octtavais  1110
 White Dennis A           2100         White Kevin A            1440
 White Thomas W           1310         Whitehouse Christopher K 1310
 Whiteman Jason D         1120         Whitmore Robert W        1320
 Whittle Blake Alexander  3100         Whorley Brett A          1320
 Wicks Henry J            1120         Wilkins James Rudyard IV 1440
 Williams Brandon John    2300         Williams Brett M         1320
 Williamstreesh Mary N    2200         Wilson Jacob Earl        1830
 Wiltshire David L        1310         Windham Michael L        1310
 Wing Christopher J       1440         Winn Eric                1110
 Woerner Kyle Lawrence    1440         Wolfe Bryan Thomas       1110
 Wood Travis Leonard      1120         Woodruff Harold Bowen    4100
 Woods Branden Keith      1320         Woods Michael Alexander  1440
 Worley Dustin Randall    1310         Worrell Michael David    1310
 Wynn Marvin Louis II     1310         Yancey Wesley Walter     1310
 Yasuda Chadwick Yoshio   2300         Yates Adam Darrel        1320
 Yost Adam Bryant         2500         Young Christopher Louis  2200
 Yuan Jerry               2100         Yull Keith D             1310
 Zakar James Paul         3100         Zaker Adam Immanuel      1120
 Zawora Amanda H          1110         Zielechowski Steven      1110
                    SENATE CONFIRMATION DATE 23 MAY 2019
                       DOR/EFF DATE 1 SEPTEMBER 2019
 Cirivello Michael Joseph 2100         Conley Zachary Jackson   1710
 Debich Steven J          1820         Eastman John Jacob       4100
 Gilstrap Laura Caton     2100         Partain Neil             2100
                 PERMANENT PROMOTION TO LIEUTENANT COMMANDER
                    SENATE CONFIRMATION DATE 27 JUNE 2019
                       DOR/EFF DATE 1 SEPTEMBER 2018
 Scully Ryan David        2100
                    SENATE CONFIRMATION DATE 27 JUNE 2019
                        DOR/EFF DATE 1 JANUARY 2019
 Javate Mark S            1810         Taylor Justin Richard    2100
        LIEUTENANT COMMANDER LINE AND STAFF SENATE CONFIRMATION DATE
             LINE 27 SEPTEMBER 2018      STAFF 27 SEPTEMBER 2018
                          DOR/EFF DATE 1 JULY 2019
 Sciortino Arthur J       1110         Trumble Todd Andrew      4100
                       DOR/EFF DATE 1 SEPTEMBER 2019
 Aaron Scott Bradley      1810         Abadilla Mark Anthony A  2900
 Abner Kyle John          1310         Acedera Paolo A          2900
 Adams Emily Lane         1830         Ader Scott P             1830
 Adjei Mark               3100         Adomako Rees Opuni       2100
 Agojo Michael Mayandoc   3100         Aguirre Billy Lemus      2300
 Aitkins Todd James       1310         Alander Nicholas Loren   4100
 Alcantar Marcello Alexis 2900         Alderson Lauren Mckenzie 2100
 Aldrich Ryan Phelan      1310         Alex Aea Cowan           2100
 Alexander Jessica L      1820         Ali Jafar Abbas          1120
 Aliano Adam Corey        2500         Allen Anthony Clark      2300
 Allen April Rene         2300         Allen Rebecca Melody     2100
 Allen Scott Thomas       2100         Alshabazz Albetro        6530
 Althouse Rachel Mercy    1710         Amorosso Ryan Edward     1310
 Anderson Danielle Carin  2100         Anderson Eric Edwin      2300
 Anderson Jeremy J        1310         Anderson Keleigh         2500
 Anderson Sarah Michele   2900         Andrews Christopher M    6830
 Anliker Nolan Warren     1140         Antonucci Robert Joesph  1310
 Arant Jason Robert       4100         Arnest William Landon    1120
 Arnold Jeffrey Jamez     1830         Arthur Richard Eugene II 1520
 Asonye Chinomso E        1110         Atterbury Jessica T      2300
 Auclair Taylor Randall   1110         Austin Ryan Patrick      2100
 Austin Steven C          1820         Ayeni Temitope Oladipo   2300
 Babskie Daniel Andrew    2300         Bacho Cristina Jean      2100
 Bagley Dominic Deshawn   1110         Bailey Nathaniel Douglas 1310
 Baker Jason Steven       1820         Bakerstory Jennifer M    6410
 Balboni Alanna Brooke    2100         Ballingall James M IV    1110
 Banker Leticia D J       2300         Banks Ellis Lee II       2300
 Barbour Brent Marcus     2100         Barclay James Edmond     6260
 Bardenhagen John A III   1830         Barnes Tyree Dwight      1110
 Barrale Emily Christine  1310         Barrena Benjamin Gabriel 2100
 Barrick Clete W          2100         Barstow John Thomas C    1310
 Bartels Jeffrey W Jr     1310         Barth Christopher Thomas 2200
 Bartholomeaux Andrew T   1110         Bartlett Jonette Marie   2100
 Bates Aaron Sean         6160         Battle Claudia Lamonica  2900
 Bautz Joshua Thomas      2100         Baxter Michael Charles   2100
 Baxter Robert Sean       1830         Beaudwin Jason Paul      1310
 Beaumont William C       1310         Beautyman Michael J Jr   1440
 Becker Michael C II      1800         Bedle Margret Emil       2100
 Begin Les M              3100         Behrends Andrew Larry    1110
 Bell Maya Naima          2300         Bell Steve Jason         2300
 Beltran Manuel Herminio  2300         Bencivenga Mario Anthony 2300
 Bencs Shannon Kristine   3100         Bengston Kevin Martin    6330
 Benjamin Colleen Marie   1110         Benko Ryan Emery         1110
 Bennett Jeremy Keith     6260         Bennett Rebecca A        1310
 Berger Robert Harold     2900         Berry Jonathan Hawkins   3100
 Beveridge John H         1120         Bickings Conrad Michael  1440
 Biddle Tyson Matthew     3100         Biegel Geoffrey Smoot    1120
 Bieker Matthew Cole      1810         Billings James C III     1110
 Bittner Brett Michael    6120         Blackmore William Sidney 2200
 Blais Felicia Ashley     2100         Blake Jennifer M         1320
 Blalock Joseph Allen     6330         Blanchard Christopher E  1310
 Blanchette Jeremy Eugene 1810         Blanton Matthew Wayne    6120
 Blauwkamp Daniel Thomas  1810         Bloom Adam Scott         2100
 Blue Daniel Alexander    1810         Blum Christina Lahti     2100
 Bodenhafer Kristopher M  1830         Boe Conor A              1320
 Bokan Melissa Marie      2900         Boland Brian Thomas      1320
 Boland Kathleen Brigid   2200         Bolin Rosanna M          1310
 Bond Arthur J            1110         Bond Benjamin W          1110
 Bond Dustin Aldridge     2200         Bonds Katherine Annie    2100
 Bongiorno Michelle Anne  2100         Bonner Keary Thomas      1310
 Born Claire C G          1200         Boston Timothy Lamar     1320
 Bosworth Michael J II    1310         Bote Mark L              1110
 Bovino Anthony William   1810         Bowen Eric Andrew        1310
 Bower Evan M             1830         Bower Keith Richard      1820
 Bowman Kellan Daniel     1820         Box Benjamin Maurice     4100
 Boyce Timothy Gittings   1310         Boyle James David        1830
 Bramble Rebecca Lee      2100         Brandau Mark T           1110
 Branham Andrew Ryan      1110         Brannan Daniel L         1320
 Brassart Matthew Wayne   6180         Brehme Kasey Allan       1820
 Brenes Any               2900         Brenner Ian Andrew       3100
 Breuder Philip Edward    2500         Brewington Ashley K      2200
 Briden Danielle Amanda   2100         Bright George L          1110
 Brigowatz James G        1820         Brinkley Brad Joseph     1320
 Brion Caitlin Bickhart   2900         Brisson Jonathan Jordan  2100
 Bristle Shawn Richard    6230         Bristow Hakim Shakur     1820
 Brod Andrew Joseph       4100         Brogdon Laurabeth Kathry 2900
 Brooks Owen Edwards III  1120         Brophy Sean Alexander    1650
 Brower Sarah Joy Han     2300         Brown Bryce Patrick      1110
 Brown Christopher George 1820         Brown Emily Stewart      2100
 Brown Jonathan Casey     2100         Brown Joseph Striker     2500
 Brown Lisa Annmarie      2300         Brown Michelle Marie     2900
 Brown Russell Alan       1310         Brown Yamilett Tikisha   6410
 Buabeng Kwame            2100         Buchanan Karen Jasenth   6490
 Budow Matthew Jaret      2500         Buehn Timothy Alexander  1310
 Buhl Victor John         1820         Buholzer Natasha Louise  1800
 Buonomo Mark Stephen     1120         Burke Adam Patrick       1810
 Burkhart John Benjamin   6480         Burleson Saul Lars       4100
 Burnett Christian M      1310         Burns Brittany Rose      2100
 Burr David Parent        2200         Bush Allison Marie       2100
 Bush Forrest Nelson      1810         Bush Sarah Jane Lesli    2900
 Butler John Patrick      1320         Buttrey Ryder Bill       1310
 Butts William Daniel     4100         Byrd Lara Caulder        4100
 Cabatu Christopher Alan  1310         Cabatu Janyse            1320
 Cabe Paul M              3100         Cabrero Alejandro M      6180
 Cadotte Noelle Blake     2100         Calabrese Louis John III 1120
 Caldwell Gabriel Roland  3100         Caldwell Jason Dean      2900
 Caldwell Jeremiah M      1310         Caldwell Kenneth C       1130
 Caldwell Marcus Edward   3100         Caldwell William J       1310
 Callahan Kenneth George  1310         Camiolo Veronica A       1110
 Campbell Ariel Reve      2300         Campbell Margaret Marie  3100
 Campbell Paul Charles    2100         Cancian John Wunn        2100
 Caouette Jason Reed      6200         Carden Toi Sharmaine     1110
 Carlo Catherine Eva      2200         Carr Matthew Joseph      2100
 Carrillo Camilo          1810         Carroll Benjamin O       1440
 Carroll Thomas P         1310         Carson Philip David      4100
 Carter Jeffrey Micheal   6130         Carter Joshua David      1800
 Case Matthew George      2100         Casimiro Resel V         2900
 Cassidy Michael P        1310         Castaneda Joshua Michael 1120
 Castillo Andrew Esequiel 1310         Catacutan Carlisle R     3100
 Cates Jacob Roy          1120         Cavallario David James   2300
 Cerezo Joseph Leonard    1120         Cerny Timothy James      6280
 Chalkley Justin M        1310         Chamberlain Derek John   2300
 Chapoteau Angela Nicole  1110         Charlton Matthew John    1310
 Charriere Timothy Brian  1310         Chase Carl Cline III     5100
 Chavez Augusta Mary      2900         Cheng Tao                1110
 Chiong Oliver Jeffrey E  2100         Cho Daniel               1710
 Choi Jin                 4100         Christ Colin Mitchell    1130
 Christen Samuel Carlos   1310         Christenson David Mark   1310
 Christian Brandon Ray    6130         Christopher Andrew James 1310
 Chung Daniel Eun         4100         Cichucki Nicholas Joseph 1120
 Clark John C             1110         Clark Leslie Ray II      3100
 Clark Ryan Stephen       1830         Clarke Hasely Keroon     6330
 Clayton Ashley Stebbins  2500         Clayton Joseph H         1140
 Clede Benjamin M         1110         Cline Adam Robert        1110
 Cline Marcus Russell     3100         Cloutier Daniel Douglas  5100
 Coatney Samuel Evertt    6200         Coffey Haylee Laurel     1310
 Coffey Travis Edward     4100         Cole Francene Elaine     2900
 Colegrove Brennin S      1310         Collazo Christina Konomi 2900
 Collett Michael Douglas  2500         Collier William Clayton  1310
 Collins Brandon Aaron    1320         Collins John Cameron II  1130
 Collins Richard Tracy    1830         Collins Willie Rufus Jr  2900
 Collinsminkel Ryan West  1120         Conboy Christopher Lee   2300
 Condos Amy Marie         2100         Condos Gregory Joseph    2100
 Coney Mersha Dalma       1110         Connors John Brant       1830
 Contestable James Joseph 2100         Contivock Rebecca M      1110
 Cook Adam B              1310         Cook Phillip Anthony     1320
 Copeland David Clinton   1830         Copeland Kyle R          1310
 Copping Donald Wayne     6490         Copping Ethan            1140
 Corbridge Joshua Douglas 2300         Cornell Amy Blackinton   2100
 Cornish Dwight Jeffrey   1130         Cornish Maile Elame      1310
 Cosentino Lindsay N      1820         Cotten Christin E        2500
 Couric Nathan Thomas     1710         Cowan Wesley Charles     2100
 Cox Laura Ruth           1810         Craig Barrett David      4100
 Craig Jennifer Lynn      2300         Cramer Brian A           1310
 Crawford Cynthia Beth    2300         Crisp Thomas A           1310
 Croom Emily Andrews      2100         Crosby Robert D          1310
 Crosby Tiffany Diane     1830         Crossland Nicholas Ford  2200
 Cruser Kelcey James      1310         Culliton John Patrick    1310
 Cummiskey Angela L       2900         Cummiskey David P        2900
 Cureton Ray Allen        6290         Curlee Samuel Lynn       1110
 Curry Brian Patrick      2100         Curtin William John Jr   1110
 Cuschieri Joseph Charles 1310         Daher Dian Krystle       2100
 Daiuto Trenton M         1310         Dangvu Milan Do          2100
 Daniel Charles Ryan      1120         Daniel Joseph Francis    1120
 Danielczyk Christopher M 1310         Daniell Stephany Jin     2900
 Daniels Emily Anna       2500         Daniels Kurtis Richard   1120
 Darlington Scott A Jr    1810         Darrell David Emrys      1110
 Dasgupta Alana Donaldson 2100         Dasilva Ian Michael      1830
 David Christopher Edouar 6200         Davidson Kayleen Ellen   2100
 Davis Brett Michael      1710         Davis Christopher Brenda 1830
 Davis Joseph Prentis     3100         Davis Robert William     6120
 Davis Travis James       1800         Decletwhiting Monica I   2300
 Defazio Michael Carey    2200         Degroot Steven M         1310
 Deiuliis Peter James     5100         Dejoy Anthony R          1320
 Delahanty Liam Francis   2100         Delaney Sean Michael     1310
 Delano John Charles      2300         Deliz Jeffrey James      1310
 Denicola Philip Mcmahon  1310         Dennig Sean Michael      2100
 Dennis Vernon Raymond II 1830         Dennison Achala E        1320
 Denzel Jeffrey Richard   1120         Deraps Matthew Otis      6180
 Deren Paul E             1810         Desiderio Brian Charles  2300
 Deutsch Daniel Joseph    1110         Devany Thomas Joseph     6280
 Deversjones Kira Lindsey 1310         Devorak Nicholas A       1200
 Dewey Kevin Crittenden   1140         Dickens Matthew James    1310
 Dickey Jeffrey Vernon    1140         Dickey Rebecca L         1110
 Didjurgis Morgan Lynn    1110         Dimarco Jonathan Trevor  1310
 Dinan Lauren E           2900         Dixon Paul Daniel        1310
 Dodge Robert Ringo       6490         Domalik Robert Michael   1810
 Donaghy Henry John       1120         Donnelly Christopher F   1120
 Donohue Michael Barry    1810         Dorman Steven Eric       1830
 Doucet David Alexander   6200         Doucette Ari Sean        2300
 Dougherty Kevin Robert   1810         Downing Dean Dale        1320
 Doyle Ryan Taylor        5100         Dreyer David Madison     5100
 Due April Renee          2100         Duffield David Armstrong 1130
 Duffy Michael J          5100         Dufore Joshua A          1310
 Dunkle Iain Scott        1520         Dunn Travis Kelley       1310
 Duran Alejandro B        6200         Duran Joshua Nathaniel   1710
 Durham Nathan Winston    1310         Dyer Amanda Nichole      2200
 Dziama Brendan Peter     1710         Eason Michael Mccrae     1310
 Easterling Gregory Keith 3100         Eberhart Michael B       5100
 Echon Jerrieallen Feria  2900         Edelman Paul Thomas      1810
 Edge Zachary Charles     1310         Edouard Teresa Ann       2900
 Edwards David Keith      2900         Edwards Jonathan Daniel  1110
 Ehret David A            1310         Einbinder Michael John   1320
 Elakkad Samih Ehsan      2100         Elison Trevor B          1120
 Ellenbecker Tyson Andrew 2200         Ellison Amy Rose         1520
 Ellison Lauren J         1110         Englehart Matthew J      1440
 Ephraim Robert S         1110         Ericksen Gregory S       1310
 Eriksson Kurt Allan      2200         Espinosa Gilbert Cesar   1520
 Espinoza David           2100         Estrada Ricardo Howard   1130
 Euans Christopher W      1110         Evans Shannon Lynn       2900
 Everett Kimberly Ann     2100         Evert Jason A            1120
 Fabionar Chantel M       1830         Fabros John F            1710
 Fahrenkamp Cory Daniel   1320         Fail Richard Howard      2300
 Falkner James Thomas     2300         Fanning Chad T           1110
 Farina Ashley M          1320         Farkas Christopher D     1310
 Farrell Gregory Lee      1820         Faubel Kenneth R         2100
 Feay Michael B           1310         Fedele Robert Michael    1110
 Feeney Michael James     5100         Feistner Tanner Wade     6260
 Feldman Daniel H         1310         Feldmann Jeffrey David   1120
 Fenniman William W II    1120         Fernandes Ilkania Grace  1810
 Ferrell Frank Ellis      1120         Ferrell Michael Eugene   1110
 Field Robert Dustin      2100         Fila Juliana Clove       2200
 Finnegan Lela Joanne     6390         Firouzi David Babak      1320
 Fish Aaron Brolin        3100         Fitzgerald Timothy Sean  1710
 Flanagan Thomas Michael  1310         Flippin Sherrie Amber    1650
 Flood Paul Edward Jr     2100         Fogel Paul Michael       6490
 Foley John Paul          2500         Foley Sean Patrick F     2100
 Folstad Erin Michelle    2900         Fore Matthew Churho      4100
 Forsythe Cody Robert     1310         Fosu Akwasi              1460
 Fraenkel Richard A       1120         Francis Andrew Maynard   4100
 Frankenstein Nicoletta V 2100         Freiberg Shane Matthew   4100
 Friedman Daniel S        1830         Fritsch Robert Aloysius  3100
 Fromm Amanda Renee       1800         Frye Eugene Thomas       1820
 Fuchs Jason Benjamin     2300         Fuini Matthew Paul       1520
 Fulks Kelly Ann          2900         Fullenwider Charles O    2100
 Fuller John David        1320         Fuller Kevin Joseph      1120
 Furst Kevin Scott        1810         Gadzala Jennifer Lynn    1320
 Gagliano Erin Leigh      2900         Galassoalexander V O     2300
 Galazka Adam             1110         Galicinao Gary Tobias    2900
 Galvin Andrew James      1310         Garcesrios Claudia Julia 1820
 Garcia David Anthony     1810         Garcia Raul R            6410
 Garia Joseph Michael     1110         Garner Blake Demetrio    3100
 Garner Cody Dale         1830         Garrison Spencer W       1110
 Gatewood Charles Lee     6110         Gatley Kevin Andrew      1130
 Geeseman Joseph William  2300         George Jason Philip      3100
 George Patrick Lee       1110         George Timothy Lee       2300
 Gerard Steven L          1310         Gerry Andrew R           1310
 Getway Sean D            1110         Gilbert Laura Jean       2100
 Gilbert Terence Lamonte  1110         Gilliam Joshua Henry     2900
 Gillis Andrew Ward       1320         Ginnetti Andrew R        1310
 Gioiello Alexandra Juve  2500         Glanz Erica Jean         1310
 Glienke Carl Jonathan    2300         Glodeck Tristan Michael  1120
 Goebel Neal Christiaan   2300         Gonzales Joanna Maria    2500
 Gonzalez Elias Daniel    2200         Gonzalez Eric T          1810
 Gonzalez Marissa V       2900         Gonzalez Nicole Kristine 2300
 Gonzalez Roger J Jr      1110         Gooden Adam M            1830
 Gow Eric Laine           1310         Gradwell Amelia Grace    2300
 Graessle Samuel William  1110         Granade Maricris         6330
 Grant Aman Joseph        4100         Grant Nyere Nasser       1810
 Grebb Toshi Lee          1200         Green Miguel Anbrey      1800
 Green Nicholas Andrew    1310         Green Shellita Frances   2300
 Greene Kristopher Tracy  1520         Greene Shawn Dennard     6120
 Greenhouse Cole A        1110         Greenslade Mark Edwin    6330
 Gregory Adam James       1130         Gregory Pamela Kathleen  2300
 Gregory Sarah Michelle   1440         Greiner John Houston     2200
 Griffin Arthur Eugene    5100         Grofik Justin C          1310
 Groh Andrew James        1200         Groll Margarete Frost    1310
 Gross Mathew Edward      1310         Grove Matthew C          1140
 Grow Michael Sean        1140         Guadalupe Nelson Hector  2300
 Guajardo David Daniel    2300         Guajardo Phillip Daniel  2100
 Guerra Sophia Alejandra  6180         Guillory Hilman Isaac Jr 3100
 Gurney Philip T          1310         Hagedorn Christine R     2500
 Haggerty John Tolman     2100         Hake Joseph Lee Jr       1810
 Haley James Evetts IV    1310         Hall Christopher Jordan  1120
 Hall John William Jr     1320         Hall Joshua Alexander    5100
 Hall Kristopher J        1130         Hall Orion Eugene        1310
 Hallahan Jared T         1110         Halliwell Matthew J      1310
 Hamilton Angela Renee    1200         Hamilton Duncan Neil     1130
 Hampton Morris Edward    6200         Hanes Ian Parmley        1310
 Haney Kellie Jo          2900         Hankin Benjamin Shane    1120
 Hannah John Curtis Jr    1310         Hannifan Christopher K   1830
 Happach Vincenzo Cosmo   2100         Harbas Simone Stefanie   2500
 Harding Serennah Emily   2100         Harman Daniel Allen Jr   3100
 Harmon Craig Dylan       6490         Harmon Matthew Locke     1110
 Harnage Larry Michael    1110         Harris Andrew J          1320
 Harris Jeremy Jay        1310         Harris Matthew Arthur    4100
 Harris Robert Nelson III 1110         Harrison James Michael   2100
 Hart Christopher Joseph  1120         Hartley Clark Kimball    2300
 Hartzell John D          1110         Harvey Christopher John  3100
 Harvey Ryan Tyson        1320         Harvill Adrian Lee Alan  6390
 Harwood James Flint      2300         Hasse Ronald Jacob       1830
 Havens Damaris Cevallos  6410         Hayes Selena M           2300
 Hays Matthew Crookes     1110         Hazelbaker Jeremy Elijah 1820
 Hazelgrove Shawn T       1320         Head Michael Jonathan    1320
 Healy Nicholas Joseph    2100         Heiliger Nicholas Sean   1110
 Helm Alan Robert         1320         Henderson Blake Teamon   1810
 Henderson Jason Heath    1110         Henderson Jonathan M     4100
 Henderson Wade Joseph    1820         Henry Thomas Michael     2900
 Heredia Joseph M         1320         Herforth Christine Marie 2100
 Herm Kimberly A          5100         Hernandez Adam Michael   1320
 Hervey Steven Glenn      4100         Hesler Mary Katherine    1310
 Hester Brandon Jerome    2300         Hewitt Chester H III     1440
 Hickey Jared Christopher 1810         Hicks Joshua Brandon     1820
 Hieber Nicholas A        1110         Hill Aaron Jackson       2300
 Hill Jason Thomas        1310         Hill Martina R           1310
 Hillyard Abaigeal S      1200         Hine Carolynn Anne       2300
 Hipple Matthew R         1110         Hirsch Christine A       1110
 Hoblet Justin Woodrow    2300         Hoff Sharon Margaret     2900
 Hofferber Craig Everett  2200         Hoffman Aurelio William  1820
 Holliday Joseph Kale     1810         Holm David James         1820
 Honeycutt Patrick J      1110         Hooker Kyle Thomas       1310
 Hopkins Garrett Anthony  1520         Horigan Shawn Richard    6320
 Horn Jessica Katherine   4100         Horohoe Francis J III    1310
 Hoselton Michael Allen   1120         Hotchkiss Andrew Stephen 1130
 Hough Alan James         1510         Hough James T            1110
 Hough Keith A            3100         Howard William Bradley   1120
 Howell Douglas James     1810         Howell Matthew Adam      1830
 Hower Jennifer Floyd     1110         Hubbard Mark C           2100
 Huddleston Robert Victor 1120         Hueter Amelia Lynn       1110
 Huff Jeremy Asa          6130         Hughes Jay Harrison      3100
 Hughes Nicholas Edwin    1810         Hughes Stephen Mcburney  2100
 Hughes William M         1110         Hughey Scott Bailey      2100
 Hull Sarah Kathleen      2900         Hunt Ryan William        1320
 Hurlburt Ryan F          1310         Hutchinson Adam John     1310
 Hutchison Timothy Paul   6360         Hynes Patrick Daniel     1110
 Ignacio Shann C          1110         Ingram Paul Francis      1310
 Innerst Joseph Charles   1120         Intoccia Matthew James   1110
 Ireland Alyson Beth      1110         Irwin Lynda Pearl        1310
 Irwin Matthew J          1140         Izeiyamu Izosa Ikechuku  1130
 Jackson Nicholas Timothy 1310         Jacobson Craig Daniel    6160
 Jamros Christina Maria   2100         Jarczyk Elizabeth Jean   2500
 Jarreau Irina            3100         Jarvis Davis Cass        1310
 Jarvis Jonathan David    1320         Jeanlouis Peter L        2300
 Jenkins Natalie Rose L   1440         Jensen Jason Paul        2300
 Jestrab Marek C          1110         Jett Jessica Fitzgerald  1440
 John Brian Patrick       2500         Johnson Aaron Donald     2900
 Johnson Andrew Todd      1820         Johnson Draonne D        1110
 Johnson Erik Daniel      2100         Johnson Jermaine Tavaris 2300
 Johnson Justin Jeffery   2900         Johnson Mark A           1120
 Johnston Luke Ryan       2100         Jolicoeur Megan E        2100
 Jones Allan D            1110         Jones Kellen T           1800
 Jones Larkin Maria       1830         Jones Olivia Jean        1200
 Jones Patrick Wayne      1820         Jones Reginald Earl Jr   4100
 Jooshani Sahar           2500         Jordan Richard Scott     1130
 Joshi Megha R            2100         Julao Jesse Vitug        3100
 Jurgensen Sade Ayana     1440         Juskiewicz Brian C       1120
 Kachman Richard A        1110         Kaemmer Ian Jameson      2200
 Kaheakuenhada Erika M    2300         Kallail Donald James III 2300
 Kapanka Michael R        1310         Karaoguz Adam Anthony    1130
 Karlo Brian J            1110         Kasler Alexia Marie      2900
 Katana Vienna Grayce H   2100         Keffer Raymond A III     1310
 Kelley Tyler Bryson      6160         Kelleyhauske Patrick W   1310
 Kelly Alexander M        1110         Kelso Kristen Meghan     1830
 Kelso Michael Gavin      2300         Kemper Steven Matthew    1440
 Kenefic Christopher R    1310         Kennedy Jordan T         1310
 Kennedy Veronica M       1710         Kenworthy Joseph Louis V 6110
 Keppen Roger Edward Jr   1830         Kerestes Nathan Paul     2100
 Kesler Mathew S          1110         Keys Kevin Thomas        2100
 Kiefer Oliver Moody      2500         Kim Gimmy Joy            1820
 Kim Roger Gihong         1320         Kim Sang In              2100
 Kim Sue Mee              2900         Kinderknecht Kyle James  2100
 King Bryan William       3100         King Jonathan Robert     3100
 King Matthew S           1820         Kinjo Daniel Hidemitsu   1320
 Kirby Hannah Elizabeth   2100         Kitt Christopher M       1120
 Kizhner Oskar            2100         Kjono Karl Johan         1120
 Klingensmith Tabitha L   1650         Klocek Megan Elizabeth   2100
 Knorek John Kenneth      2300         Knott Andrew M           1310
 Knowles David Jonathon   1320         Knudson Andrew James     2200
 Knutsen Nathan Paul      1310         Ko Samuel Ying           2100
 Kobs Jordan Alexander    1310         Koester Bradley S        1110
 Kohl Steven T            1310         Kojm Peter Maximillian   3100
 Kortman Francisco C      2100         Kostelnik Jason M        1310
 Kowalcyk Peter Shin Jr   1320         Kretchman Allison Ann    2900
 Krieger Kyle R E         1710         Krupinski Cathern Nicole 2200
 Kuhl Kenneth A           1310         Kyle Adrianna Isabel     2100
 Kyler Benjamin G         1110         Labossiere Meagan J      1310
 Labue Stephen Anthony    4100         Lacey Jacob M            1310
 Laffman Keith Matthew    2300         Lail Matthew Joseph      2100
 Lail Matthew P           1310         Laird Melissa Dee        2300
 Lamay Aaron Nicklas      6230         Lamb Benjamin R          1320
 Lambert James H          1110         Landon Joseph Michael    3100
 Landon Matthew David     2100         Lane Joseph Kevin        1820
 Lane Michelle Hartman    2300         Lange Joshua Thomas      2900
 Lanthorn Michael D II    2900         Larenas Emma Rachele     3100
 Larsen Brittny Lambert   1310         Larsen James Douglas     2300
 Larsen Jonathan Paul     1310         Larsen Matthew J         1320
 Lary Ralph Leon IV       1120         Laspe Charles Joseph     1120
 Lateef Saheed Akinwale   2900         Laurvick Samuel L        1310
 Lausch Adam Robert       1830         Laviano Nicholas Michael 1310
 Lawler Michael Sturgis   2500         Lea Michelle Ann         2300
 Leahey Patrick John      1310         Lee Albert Jong Suk      2300
 Lee Austin Alan          1310         Lee Katherine Jonnie     2100
 Lee Sean P               1810         Lefon Christopher F      1310
 Legendre Richard T Jr    1520         Leggett James Michael    1110
 Len Nicholas A           1310         Lennon Robert Langdon    1310
 Lesher Jeffrey P         1120         Lewman Kevin M           1110
 Li Ben Mingran           1710         Li Thomas Jiaqi          1130
 Licata James Moore       1310         Lietzan Paul Michael     1320
 Lightner Keith Jerome    4100         Lileks Wayne D           1110
 Lim Kevan Qinxin         4100         Lindbom Jeffrey Peter    1310
 Lipe Douglas W           1200         Litvachuk Aleksandr      1810
 Livesey Audrey Caroline  2100         Lock Donald William II   2100
 Lock Kodi M              1110         Loe Martha Anne Esther   2300
 Logan Jeremy Baer        6480         Lomas Chad Matthew       2100
 Long Andrew J            1110         Long Ann                 2100
 Loomis Michael Ray       6330         Lopreiato Nicholas P     2100
 Lowe Nicholas Evan       1310         Lowe Wade Owen           6110
 Lugge John J             1440         Lurer Amanda Rachel      4100
 Macgarva Gavin Richard   1310         Mack Stephen Alan        1320
 Maddox Tracy Anne        1320         Maenza Jason Salvatore   1810
 Maghsoodpour Arbel       2200         Mai Carolyn              1440
 Malixi Maynard C         1110         Mallie Charles Stephen   4100
 Manes Aubrey Kay         1830         Mangold Thomas E         1130
 Manko Logan Andrew       2900         Manley Adam D            1310
 Marashi Zena Parastu     2900         Marcinskas Emil          2500
 Marin Anthony James      2200         Marino Darek Christopher 1110
 Marinucci Joseph S       1830         Marolt Christopher M     1120
 Marquez Victor Lee       2500         Marrone Tighe Nicholas   2100
 Marsh Andrew G           1110         Marsh Rachel Anne        2900
 Martens Zachary Burton   1110         Martin Alan David        1810
 Martin Jeffrey Stuart    1310         Martin Samuel Q          1310
 Martin Trevy Kyle        2200         Martindale Dustin Robert 3100
 Martinez Matthew Glenn   1110         Marvin Kastley Margret   2100
 Maschke Corky S          1310         Massengale Benjamin S    1120
 Mathews Sander Hart      1830         Matics Nicholas Anthony  1140
 Matosmakris Nikolas Ange 2300         Matson Kyle P            1310
 Matthews Joshua Stephen  1830         Mattox Patrick Wesley    2900
 Mayers Gregory B         1310         Mayes Kenyatto Antonio   6310
 Mayr Joseph James        2300         Mcadams Chaia Elyse      2900
 Mccain Laura Abigail     2100         Mccarrel Mitch T         1130
 Mccarthy Charles Edward  1310         Mcclain Paul David       2100
 Mcculloch Megan Lea      1110         Mcdevitt Michael R       1310
 Mcdonald Daniel William  1140         Mcelmoyl Wayne Michael   6480
 Mcgavran Michelle E      1440         Mcginley Daniel Ryan     2500
 Mcgough Sohn Derrell     6200         Mcgraw Eamon Allen       4100
 Mcguire Patrick Wayne    2300         Mcinturff Mark Ohfuji    2100
 Mclamb Brandon Odell     2300         Mclaughlin Peter Sean    1200
 Mcmenamin Brian Oneill   1130         Mcmenamin Ian Walter     1130
 Mcnamara Colin Thomas    2100         Mcnicholas James E Jr    2100
 Meares Chunchun Nelson   1710         Meetze Franklin A        1110
 Mejia Angela Velette     6200         Melhorn Margan H         1310
 Melonas Macedonius K     1310         Melton Kenneth Matthew   1110
 Menck Elisa Sue          2300         Mendoza Alicia Delapaz   1830
 Mene Rey Bucol           2300         Menezes Edward Mason     6130
 Mercier Sean Philip      3100         Meredith Bryn Taylor     2100
 Merrill Casey Andrew     1810         Merritt Emily S          1110
 Messer Gina Marie        1310         Meyer Christopher David  1310
 Meyers Benjamin C III    1130         Mielke Ashley Marcus     1800
 Milan Ryanjon A          2900         Miller Baron Clint       4100
 Miller Daniel T          1120         Miller Edward T          2300
 Miller Janine Elizabeth  1200         Miller Sand Denise       3100
 Mills Joseph Robert      1110         Miltner Keith Paul       1310
 Mitchell Patrick James   2300         Mitchelson Matthew A     1440
 Mitzkewich Margaret Pill 2900         Mize Kenneth Leon Jr     2300
 Moeller Michelle Lauren  1800         Mohabir Vijay Anton      1110
 Mohr Mary Catherine M    2200         Montgomery James B       1120
 Moody Paul Ward          1110         Mooney Richard A         1310
 Moore Andrew Christopher 2100         Moore Matthew L          1110
 Moore Michael Brent      1810         Moore Richard Curtis     1650
 Morr Jory Scott          1200         Morrison Jay Arthur      2300
 Morrison Phillip Chad    1140         Morrison William M       2500
 Mulvey Emily Kay         2300         Murphy Charles Richard   6480
 Murphy Daniel Patrick    1130         Murphy Kathryn Hage      1830
 Murray Carter L          1310         Musmanno Joseph Hays     2300
 Mutschler Dane R         1310         Myers Travis Rea         5100
 Nabet Austin Christopher 2100         Napoli Christopher R     1310
 Nappo Kyle Edgar         2100         Naranjo Daniel Fernando  2300
 Naranjo Jessica Nichol   2900         Neal Amber L             2900
 Nelson Keith William     1810         Nelson Mitchell S        1120
 Nelson Neal N            1130         Nesbit Lincoln A         1320
 Neubauer Daniel Charles  2100         Neubert Rachel Anne      2100
 Newsad Bradley Douglas   2500         Nguyen Thuy Le Thanh     3100
 Nichol Alyssa Kate       2500         Nichols Jermaine L       1520
 Nichols Kale Glenn       1310         Nicolas Samuel Alvin     2100
 Niven Jason Ryan         2300         Noakes Nathan David      2300
 Norine Christopher R     1320         Noronha Sean John        1310
 Norrell Elizabeth R D    1810         Northrup Donald Steven   1110
 Northup Megan Renee      2100         Nyangena Isaac Mogare K  2300
 Oakes Ann Tuddenham      2500         Oakes Taylor Hayden      1310
 Obrien Kevin James       1800         Obryant Thomas O III     1440
 Ochs Ryan Thomas         2100         Oconnor Matthew G        1310
 Odonnell Matthew Timothy 1310         Oehrlein Christopher S   2300
 Ohagan John T            1310         Okeefe Ashley Lynn       1110
 Oldenkamp John Alexander 1460         Oleary Michael Todd      2300
 Oliveria Christopher D   3100         Olson Timothy Muir       1440
 Omalley Kevin P          1120         Oneal James Lamont       6130
 Oneil Conor L            1310         Orr John Patrick         5100
 Ortiz Luis IV            1200         Osborne Jason Ramey      6110
 Osborne Raymond K        1110         Ostlund Isaac Graham     1310
 Ostrowski Daniel W Jr    6180         Oswald Casey H           1130
 Oviedo Joel Leighton     1130         Pacini Anthony Judson    2100
 Palmer Jonathan Mark     2300         Paraskevopoulos Kaylor V 1200
 Parenteau Michael Andre  2100         Parizek John Michael     5100
 Park Jonathan            1110         Park Jung Ho             1110
 Park Michael Roy         3100         Parks William Charles    1120
 Parobek Daniel Pavel     1820         Parrott Matthew Jay      2100
 Partner Amanda Maureen   2900         Pasichnyk John W         1310
 Pasteur Don              5100         Patel Lakir Bhanuprasad  1710
 Patterson Matthew E      1110         Paulk Wesley James       1110
 Paulson Erik Steven      1830         Payne Maya Elena         2100
 Pelosi Allison K         1800         Pena Joel Antonio        1310
 Pendergrass Jesse Ray    2300         Pennington Bradley Scott 1320
 Pennington Mark A        1310         Perez Guillermo III      2100
 Perkins Jonathan M       1830         Perrone Lisa Carol       2200
 Perry Anthony John       6200         Perry Vanessa Elizabeth  1120
 Perry Vincent Nevill     6410         Pertot Elyse Marie       2100
 Peter Nicholas Michael   1320         Peters Charles Matthew   1810
 Peters Christopher Young 2300         Petersen Ashley Roe      1830
 Petersen Matthew W       1310         Petersen Neal C          2900
 Petersen Seth William    1320         Peterson Chad Wesley     1310
 Peterson Charles Samuel  1830         Petikas Nicholas C       2300
 Petska Jonathan E        1310         Pham Hy G                2100
 Phenning Jessica L       1310         Phillips Jeremy Patrick  1810
 Phillips Mark Jeffery    1110         Picinich Mark C          1310
 Pickworth Justin Bryan   1310         Pierce Brandon D         1310
 Pifer Ryan James         1120         Pittman Jerry Phillip Jr 1120
 Plasse Richard Andrew    2100         Polhemus Jamie Lynn      1310
 Pollini Caitlynn Ashley  1310         Pollmeier Dennis Joshua  6330
 Pollock Christopher M    1310         Porter Stephen C         1310
 Potthast Craig Thomas    1120         Poulin Andrew Robert     1310
 Powers Justin R          1310         Price Shane Hogan        6200
 Prim James Herndon       2100         Pring Christopher Lee    6200
 Prinsen Thomas Henry     1120         Proano Marylou Charlotte 2900
 Pruter Francis W Jr      1110         Qualls Barry Franklin Jr 1810
 Quay John Mark           4100         Qui Harry Zhang          2300
 Radziwon Nicholas R      1130         Rahall Ann Marie         1110
 Rajchel Brett Louis      1810         Rakich Danielle Nicole   2300
 Rall Cody J              2100         Ramirez Mark Andrew      1320
 Ramsaur Alaina Marie     1800         Randle Derrick Nashaunn  2300
 Reardon Michaela Anne    2500         Reed Amy Jean            2100
 Reed Daniel K            1110         Reed Elizabeth Anne      1710
 Reeg Geoffrey R          1310         Reider Scott Matthew     1310
 Reidy Christopher C      1310         Revell William Allen     1310
 Reyes Richard Coulter    1820         Rhodes Stephen Joseph    1320
 Rhyne Kevin James        6130         Rice Nathan Neil         4100
 Richards Scott K Jr      1110         Richardson Tyrone        6200
 Richesin Jason L         1120         Richmond Kelly Morgan    2100
 Richmond Phillip W Jr    1820         Richmond Ryan R          2100
 Ricker Lucas Lance       2300         Ricker Megan Elizabeth   1110
 Rickoff Cary F           1310         Riedel Christopher Kevin 2500
 Riege Matthew Kyle       5100         Riggs Jacob T            1310
 Riordan Bridget Mary     1110         Ritchie Daniel Austin    1130
 Rivera Brad Alan         2300         Roadarmel Stephanie Lois 2200
 Roberts Donald F Jr      1830         Robertson April Jane     1200
 Robinson Matthew James   6320         Roblesrodriguez Hector G 1320
 Rocco Nicholas Ray       2100         Rocha Sean Lee           1120
 Rodgers Brian            1120         Rodgers Norris Lorenzo   6360
 Rodriguez Gabriel R      2900         Rodriguez Stephen E      2100
 Rogers Benjamin Wade     1310         Rogers Theodore Hewner   2100
 Rolle Adrienne Joi       1710         Rombouts Frederick W     1710
 Romo Seth Alan           1120         Roncoroni Mark Rudolph   1820
 Rosalez Roel             6490         Rosarda Thelmar A        1110
 Roscoe Andrew J          1310         Rosholt Stephanie M      2900
 Ross Clark Barton        1310         Ross John Thomas II      1820
 Rothchild Derik William  1120         Routley Robert Damon     3100
 Rowe Duane Shaw Jr       2300         Rowland Christopher E    1310
 Rozycki Stefan Wass      2100         Rubio Laura Renee        2100
 Rudrud Rachel Ann        1830         Rueda Michael Joseph     1310
 Ruisi Andrew J           1310         Rump Andrew John         1320
 Ruppert Arthur Shawn     2300         Rusinak Matthew Stephen  1310
 Rutherford Mark          1310         Ryan Robert W            1310
 Saborsky Robert A        1830         Sadosky Angela Rose      2300
 Salazar Carla Kheyonne   1110         Samsel Adam Mason        1310
 Samson Adam J            1110         Sanchez Eric Alforque    2900
 Sanders Kyle Matthew     1320         Sando Joshua Adam        1110
 Sanford Duncan Blount    1320         Santiago Jeremy Rolando  3100
 Sara Matthew Robert      2100         Sargeant Rachel Marie    2300
 Saunders Joshua Stephen  1510         Scales Kevin Stephen     6390
 Schaff Lisa Suzanne      1310         Schaff Trevor Garrett    1310
 Schambach Michael Andrew 1120         Schell Justin Wade       6330
 Schimmelmann John James  1820         Schmidt Gary Joseph Jr   6360
 Schmitt Stetson Robert   2300         Schnabel Drew T          1310
 Schrock Braden H         1140         Schrodt Kevin Joseph     1140
 Schuetz Lauren E         2900         Schultz David Carl       1110
 Schumann Paul Andrew     4100         Scott Stephen Robert     4100
 Seals Jermaine Lovell    3100         Seibel Jamie Candace     1650
 Seider Scott William     2100         Selco Mitchell Marc      2100
 Serrell Jonathan Allen   1130         Setyon David Elisha      1320
 Sevey Jeremy Southard    1110         Shannon Patrick Dana     1110
 Sharkey Jamie Leigh      1310         Shaver Tyler Christian   1310
 Shaw Rebecca Rose        1310         Shea Michael Olin        6120
 Shelton David Palmesano  1830         Shemon Adam Gerard       1320
 Shepard Matthew Dean     4100         Shewmaker Kelsey Jo      1110
 Shillito Bradley James   1310         Shin Andrew G            1440
 Shirk Spencer Ellis W    2100         Shoen Stephen C          1130
 Sierleja Kenneth Francis 2900         Silva Kiera Marie        3100
 Simmons Joe Travis C     1820         Simmons Thomas James     6200
 Sims Brian L             1110         Sims Equilla Latwania    6410
 Skelton Donald Morales   2300         Skinner Jesse Madison    1320
 Slover Danny Glen II     1120         Slusser Naomi Michelle   1110
 Small Laura Caitlin      1200         Smallwood Michael P      1320
 Smiros Stephanie A       1110         Smith Alexander Parker   1110
 Smith Alfred Gordon      2100         Smith Darrell Keith      1120
 Smith Jeremiah Patrick   5100         Smith Nicholas Bradley   1310
 Smith Zachary S          1310         Snyder Mark P            1140
 Snyder Matthew Lee       1120         Snyder Meaghan Rose      2900
 Snyder Scott Howard      2100         Sohoni Utsav Sanjay      1830
 Soriano Mark Cristan     2900         Sousa Michelle Maria     1310
 Sovie Alexandria Mae     5100         Spangenberg Elizabeth J  1110
 Speakman Scott Ronald    1310         Spears Thomas Matthew    2100
 Specht Lauren Vaughn     2300         Spellman Tanya Melissa   2300
 Spillers Michael David   1830         Spindler Tyler Alan      1110
 Spiro Andrew Joseph      2100         Spitler Russell H        1830
 Spowart Kirk M           1310         Sprague Justine Marie    2100
 Stahl Douglas Patrick    1310         Stamm Stephanie Nicole   1810
 Steckman Justus Eric     6290         Stelzel Shawn Martin     1120
 Stephens Conor William   1830         Stevenson Rachel Ann     2100
 Stewart Brandon Allen    3100         Stewart Jesse Steven     2300
 Stewart Patrick Lance    1460         Stokes Isaiah T          1110
 Stokes Joshua Warren     1310         Stooksbury Michael W     1320
 Stoumbaugh Dwayne Allen  6120         Strain Jonathan Eli      2100
 Strausbaugh Kyle Patrick 5100         Strausser Marissa Ann    1310
 Strobridge Virgil Ricard 2300         Stromsness Christina     2100
 Sturgis Bradford R Jr    3100         Sullivan Kyle A          1110
 Summerhill Christopher D 6410         Sussman Rachel Faye      2500
 Suszan Christian Ivan    1320         Sutherland Jared Michael 2100
 Swank Nathaniel Jacob    1310         Sweeney Sheila A         2900
 Swezey Matthew Michael   1120         Switzer Eric Michael     1110
 Sylvester Ryan James     2500         Symons Mark Augustine    6120
 Szatkowski Kyle James    1120         Ta Phuong Anh Chau       3100
 Tabanan Jason Padilla    1710         Tabbert Adam William     6180
 Tallman Adam David       1820         Tatel Samuel C           5100
 Taylor Nicholas Michael  1520         Taylor Sammy Ray         6330
 Teisberg Madeline B      2100         Tellez Jorge Gabriel     1120
 Tercero Ian Andres       1110         Theisner Stephanie F     1310
 Theriault Chad Raymond   1310         Thomas Michael Alexander 1820
 Thompson Karla C Montoya 6490         Thompson Robert John     5100
 Thorpe Erin M            1200         Tibi Borree Asejo        1820
 Tison Daniel Ian         1830         Todorowski Donald J Jr   1200
 Toma Jabbur Hani         6130         Tomlinson Adam Blake     2300
 Tomolonis Michael Ian    1310         Tornambe Gregory         1110
 Tovado Anthony Michael   1310         Townsend Cassandra Karen 2100
 Tracy Caleb Helaman      2300         Tran Tuan Ngoc           2200
 Tranberg John W III      2900         Traul Jennifer Alison    3100
 Trestyanszki Krisztian   1830         Triantafellou Crystal C  1830
 Tribou Blake Tillman     1110         Troncozo Melissa Kay     2900
 Trudell Marshall Aaron   2900         Tryba Jason Daniel       1320
 Turner Rickey            3100         Turner Rita M            2900
 Twymon Michael Craig     6280         Uhl Andrew M             1110
 Upright Rory P           1320         Uselman Jerome           1110
 Vanallen Jeffery Burton  6360         Vanbrunt Thomas Blake Jr 2100
 Vangelder Jeremy Craig   1120         Vangilder Helena J       1110
 Vann Andrew Diggs        1110         Vantassel Craig James    2100
 Vaughan Thomas Daniel    2300         Vawter Andrew R          1320
 Vazquez Ricardo Jr       1810         Vela Marco Eduardo       1830
 Venturina Rowell Padilla 6310         Vertolli Travis Jonathan 2200
 Vest Ryan Matthew        2100         Vey William Charles III  1320
 Vidmar Stewart Mark      1830         Vienna Ryan Patrick      2100
 Vining Kirk William      3100         Virginia Richard A Jr    1830
 Visser Justin Paul       1830         Volk Charles Gabriel     2100
 Volk Paula Sue           2300         Vonweller Elliott L      1460
 Vorwald Jeffrey David    2300         Vukelich Joshua Marcus   1130
 Waddell Erica Sharice    2900         Walker Christine Marie   2100
 Walker Michael A Jr      1110         Walker Steven Michael    4100
 Wall Kevin Matthew       3100         Wall Timothy R           1310
 Waller Tyrone II         1810         Walsh James Bernard      2100
 Wang Andrew Wilson       2100         Ward Dawn Kabrich        2100
 Ward Mathew James        5100         Warner Andrew W          1310
 Warner Jessica R         1830         Warpula Erick Wayne      2300
 Warren Brian Ross        1310         Warren Jenny Lynn        1310
 Wasserman Zachary        1830         Watson Khalfani Mandela  1320
 Watters Julie Ann        2100         Watters Kaiulani M       1310
 Wauters Robert Henri     2100         Webb Justin Pat          5100
 Webb Michael M           1310         Webb Robert Charles      6410
 Weikel Ralph Mckinley Jr 4100         Weiker Anthony C         1830
 Weinmann Sean Timothy    6200         Welborn David Benjamin   1520
 Wessel Ashley Marie      1440         Westgard Loudon A III    6180
 Wheeler Theodore C       2300         White Denver T           1510
 White Veronica Holguin   2300         Whitlatch Meghan Annette 2100
 Whitley Christopher M    1120         Whittaker Reginald C     2300
 Whittington Julie Renae  2100         Wiest Kyle Dennis        1310
 Wilber Christopher R     1120         Wilcox Timothy David     2100
 Wildemann Briana M       1110         Wilder Darian Jovon      3100
 Wilhelm Shawn Mathew     2900         Wilkerson William E II   1810
 Wilkins Christopher M    1460         Wilkins Robert John      1830
 Willard Ryan G           1310         Wille Jacob Clark        1830
 Williams Brian Nelson    1310         Williams David Ryan      4100
 Williams Justin Laurence 1320         Williams Sharlena Yvette 2500
 Wilson Candice Marie     1310         Wilson Justin Dean       2100
 Wilson Meghann K         2900         Wingen Elizabeth Anne    2100
 Winn Aubrey Elizabeth    2100         Wise Oliver James        5100
 Wofford Angela Marie     2300         Wolcott Robert Stewart   1310
 Womack Joshua James      1110         Womer John Kenneth       1440
 Wood Brian Michael       6530         Wood Timothy D           1310
 Woods Daniel Mccarthy    1110         Worst David Austin       1310
 Worthington Stanley R    5100         Wright Christopher John  1510
 Wutzke Barry Jay         1520         Wyatt Brandon Scott      1810
 Yang Michael Keene       2200         Yazici Nevin             2900
 Yeager Darby Driscoll    1300         Yoder Bryon R            1310
 Yohannan John S          2900         York Jeffrey Edward      1110
 Yoshimura Elena Urbina   1320         Young Lawrence Edward IV 1320
 Young Michael Edward     6830         Young Nathaniel James    1140
 Zachar Ryan D            1440         Zarow Zachary R          1110
 Zenk Reilly Louise       2100         Zimmer Joshua Fleming    1120
 Zimmerman Thomas Wickham 1310         Zinicolalapin William N  1800
 Zitnik Kenneth Erin      2100
                  SENATE CONFIRMATION DATE 28 FEBRUARY 2019
                       DOR/EFF DATE 1 SEPTEMBER 2019
 Camelo Monica Stephanie  2100         Gordon Jennifer Lee      2100
 Hayes Anthony Joseph     2100         Mccaslin Ian Ross        2100
 Messmer Mark Louis       2100         Robin Andrew Ephraim     2100
 Skipton Erica Lynn       2100         Theerman Isaac Lee       2100
 Vaughan Clayton Thomas   2100
                    SENATE CONFIRMATION DATE 23 MAY 2019
                       DOR/EFF DATE 1 SEPTEMBER 2019
 Walls Riley Alan         1320
                    SENATE CONFIRMATION DATE 27 JUNE 2019
                       DOR/EFF DATE 1 SEPTEMBER 2019
 Bridges Brandon Thomas   6160         Jones Chandler W         1310
                      PERMANENT PROMOTION TO LIEUTENANT
                        DOR/EFF DATE 1 JANUARY 2018
 Arce Derrek Christoffer  1810
                          DOR/EFF DATE 1 JUNE 2018
 Dearmond Amanda L        1310
                        DOR/EFF DATE 1 NOVEMBER 2018
 Stuart Julian Adam       1110
                        DOR/EFF DATE 1 FEBRUARY 2019
 Kimmel Christopher M     2500
                         DOR/EFF DATE 1 APRIL 2019
 Federe Aiden William     1320
                       DOR/EFF DATE 1 SEPTEMBER 2019
 Addis Morgan C           1110         Adriazola Steve A        6200
 Aka Romeo Bile           6410         Alexander Kayla Renee    1310
 Angerer Brett Ashton     1390         Antworth Joseph Vinton   1120
 Baileyjones Teresa Lynn  2900         Barszowski Samantha L    1120
 Barwick Christina Anne   1310         Batten William Duke Jr   6410
 Baugh Levi A             1310         Beall Michael Bryan      2900
 Berg Reece C             1110         Bhatia Aman Raul         1310
 Bivens Leanne M          2300         Boccia Anthony Vincent   6330
 Bostic Ammon Lee         5100         Boyer Paul Douglas       2300
 Bradley Brian Edward     1130         Brown Tyler Michael      6200
 Bullington Joseph Lamar  1310         Burke William F III      2500
 Cates Zachary D          1320         Clarkjohnson Lauren Page 1110
 Clayton Timothy Orray    6490         Cobb Christopher James   6330
 Coello Isabel Stephanie  2500         Colbert Cody G           1110
 Coles Stephen Bourget    1110         Collins Michael Shannon  5100
 Compton Nicholas Allen   1110         Coy Michelle Alicia      2900
 Daniele Patrick Neil     5100         Desormo Blayre A         1110
 Duerson Carl Drew        6290         Easterling Desmond James 1110
 Eberhart Kimberly Nicole 2300         Enterline Jason Matthew  6800
 Erb Nina Roma            1110         Estey Lindsey Akiko      2900
 Fees Keegan Patrick      2300         Fernandez Nicholas C     1130
 Fess Aaron L             1310         Fetzko Elijah Frank      1310
 Fimbres Juan Bosco       6490         Foster Sarah Kathryn     2500
 Gaines Parrish           1200         Garing Jonathan J        1110
 Gianelli Eloisa M        2900         Goins Victoria B         1110
 Good James George        6810         Gorell Ryan David        2900
 Graham Glen Autry        6110         Grapentine Thomas John   6820
 Grier Erin D             3100         Hagan Kyle Robert        2300
 Harding Sean Kerry       1390         Hedrich Andrew David     1110
 Hess Eric Paul           6480         Ho Robert Alan           1520
 Ho Tony N                1110         Hodgson Jonathan Wayne   6120
 Hodosky Michael Lee      6490         Holloway Isaiah          1110
 Howard Brian C           1320         Hoyt Blake Edward        6390
 Jarvi Matthew Charles    1110         Johnson Matthew William  1820
 Johnson Megan Ashley     1310         Johnston Stephen Taylor  2500
 Kane Meggie Catherine    2500         Kenyon Brandon W         4100
 Kincaid Henry Warren     1120         King Kaylan A            1110
 Koch Doris Ann           6410         Kumm Adam P              1310
 Lambrix Calvin Keith     6490         Lawson Devin Shane       6820
 Leet Mark David          6410         Leigh Charles Scott      6810
 Leming Blake Coleman     1310         Lichtenwalner Tiffany L  2900
 Lisnock Danielle Marie   2300         Long Brandon Tracy       6800
 Lucas Lincoln Tyler      1320         Lyons Christopher P      1310
 Mai Cherilyn Ruby        2300         Mamzic Curtis Carter     1110
 Manganello Melissa Ann   2900         Maniece Orie Pearl Jr    6490
 Manuel Rodriguez D       1110         Mcclanahan Clint Allen   6430
 Mcneal Caleb Lee         2300         Michalek John Conor      1110
 Migani Christopher C     1110         Moretti Anthony Joseph   6280
 Morris Scott Gregory     1120         Negronperez Mariano      1110
 Newman Nathan Stephen    1110         Nguyen Vu T              3100
 Nuss Mitchell Wagner     1110         Ogden Joshua I           1110
 Oliver Kaila Imani       1110         Oterovera Jose Israel    1110
 Payne Brian Edward       4100         Pratt Connor C           1170
 Ramos Jordan Nash        6490         Randleman Robert Wayne   3100
 Reed William Cody        1310         Sahi Gagan Singh         2900
 Satrasook Benjamin Reyes 6410         Schmidt Miranda S        2300
 Schrodel Charles Reid    1110         Schwarga Gregory Tyler   3100
 Seggel Timothy Richard   1820         Sethurathinam G          1310
 Sexton Joshua Ryan       1110         Shearman Jacob John      6480
 Shimmell Karen Gatan     2900         Short Thomas Christopher 6260
 Sides Shawn C            1810         Simpson Benjamin Kelly   6480
 Slegl Jenna Catherine    2900         Sligar Andrew Joseph     1810
 Snead Michael Che        2900         Steele Robert Ryan       1110
 Sterk Tyler G            3100         Taylor Tosh Andrew       1310
 Thomas Jordan S          1390         Toomer Joshua Mcleod     1830
 Torresmedrano Cesar      6330         Tremblay Melissa Black   6200
 Tullis Henry Durant IV   1110         Twardy Michael Andrew    1310
 Vandrak Julia Davis      2300         Vargas Jonathan          1110
 Vordahl Christopher B    1110         Walden Devin Marquis     5100
 Wallace Benjamin D       6200         Wescott Aaron Jon Tracy  6260
 Williams Robert Scott    6820         Won Joshua Michael       2500
 Wooten Kenneth Nikolas   1830         Xu William Z             2500
              PERMANENT PROMOTION TO CHIEF WARRANT OFFICER, W-5
                       DOR/EFF DATE 1 SEPTEMBER 2019
 Reid Hobert Jr           7821
              PERMANENT PROMOTION TO CHIEF WARRANT OFFICER, W-4
                       DOR/EFF DATE 1 SEPTEMBER 2019
 Babiak Jon Michael       7811         Bondy Jeremy Dean        7181
 Dentith Christopher Eric 7131         Diaz Elvis               7131
 Hall Anthony Deshay      7411         Ouellette Scott Michael  7331
 Staggers Juan Antonio    7131         Walters William S II     7161
 Woods George Thomas      7401
              PERMANENT PROMOTION TO CHIEF WARRANT OFFICER, W-3
No officers promoted in this category.

2.  If a selected officer does not decline promotion in writing prior to the 
projected date of rank (noted above in paragraph 1), that officer is 
considered to have accepted the promotion on the date indicated.  An officer 
who chooses to decline promotion must submit the declination in writing to 
COMNAVPERSCOM (PERS-806) within 30 days of the release of this NAVADMIN.  
Limited duty officers declining appointment to lieutenant will be reverted to 
enlisted status within 90 days of projected promotion date.

3.  The commanding officer (CO), the Secretary of the Navy, or his designee, 
has the authority to delay projected promotions.  Upon the exercise of a 
delay, the officer shall be notified in writing before the effective date of 
the promotion and not be tendered the promoting appointment.  The delay 
authority will immediately forward the notification of delay with supporting 
documentation to COMNAVPERSCOM (PERS-83), copy to COMNAVPERSCOM (PERS-806).

4.  COs are reminded of their responsibility to ensure the officers they are 
promoting are mentally, physically, morally and professionally qualified in 
accordance with section 624 of title 10, U.S Code.  Per reference (a), 
officers are ineligible for promotion if they have failed the most recent 
Physical Fitness Assessment. COs shall verify the promoting officer's 
information in the Physical Readiness Information Management System to ensure 
compliance with reference (a), as modified by reference (b), and delay the 
officers promotion in accordance with paragraph 3 of this NAVADMIN, if 
required.

5.  Prepare a Delivery of Temporary/Permanent Appointment (NAVPERS form 
1421/7) (Rev 10-13).  Use this NAVADMIN as reference (a).  Use section 624 of 
title 10, U.S. Code as reference (b), for permanent lieutenants and above. 
Use section 578 of title 10, U.S. Code as reference (b), for chief warrant 
officers.  Use sections 624 and 5589 of title 10, U.S. Code as reference (b), 
for limited duty officer promotion to lieutenant.  For limited duty officers, 
acceptance of the appointment is acceptance of permanent appointment as a 
limited duty officer.  Mail the completed form to COMNAVPERSCOM (PERS-806).

6.  Officers should review reference (c) for minimum time-in-grade 
requirements for purposes of voluntary retirement.  Full time support 
officers and those officers temporarily on active-duty anticipating release 
from active-duty under reference (d) may accept promotion without incurring 
any additional active-duty obligation.

7.  New photographs are required for all officers within three months after 
acceptance of promotion.  See reference (e), for specific requirements.

8.  Released by Vice Admiral John B. Nowell, Jr, N1.//

BT
#0001
NNNN
UNCLASSIFIED//

