RTTUZYUW RUEWMCS0000 1482011-UUUU--RUCRNAD
ZNR UUUUU
R 282011Z MAY 13 PSN 796453K34
FM CNO WASHINGTON DC//N1//
TO NAVADMIN
INFO CNO WASHINGTON DC//N1//
BT
UNCLAS//N0/
NAVADMIN 142/13

MSGID/GENADMIN/CNO WASHINGTON DC/N1/MAY//

SUBJ/ACTIVE DUTY PROMOTIONS TO THE PERMANENT OR TEMPORARY GRADES OF CAPTAIN, 
COMMANDER, LIEUTENANT COMMANDER, LIEUTENANT, AND CHIEF WARRANT OFFICERS IN THE 
LINE AND STAFF CORPS//

RMKS/1.  Congratulations to the following officers on their promotions to the 
ranks indicated in this message.  This NAVADMIN is the authority for effecting 
temporary and permanent officer promotions on the dates indicated.  Members 
are directed to verify their select status via BUPERS on-line.  

2.  This message is subject to the Privacy Act of 1974 as it contains For 
Official Use Only personal information.  If you are not the intended recipient 
or believe that you have received this message in error, do not copy, 
disseminate or otherwise use this message.  A publicly releasable version of 
this message will be posted to the Navy Personnel Command website.  Message 
will read name, DESIG.

                    Permanent Promotion to Captain
              Captain Line and Staff Senate Confirmation Date
  Line 21 June 2012                       Staff 21 June 2012
                        DOR/EFF Date 1 June 2013
Armstrong Veronica Gai 2900    Bahlau Todd Adolph     1310
Bindel William Eugene  6360    Bunnay Scott Alan      1310
Hayes Richard Fenton   1140    Hickey Matthew J       2100
Lloyd Jason M          1440    Lott David Anthony     1120
Neill Thomas M         1320    Palm Robert Herman Jr  1710
Phillips Billy James   2200    Severson Meryl A III   2100
Theriault John B       3100    Unrein Louis T         1830

                      Permanent Promotion to Commander
                   Senate Confirmation Date 21 June 2012
                      DOR/EFF Date 1 October 2012
Spotts Constance Renee 1440
                 Senate Confirmation Date 18 April 2013
                       DOR/EFF Date 1 April 2013
Primeaux Joseph Russel 4100

             Commander Line and Staff Senate Confirmation Date
   Line 21 June 2012                       Staff 26 July 2012
                        DOR/EFF Date 1 June 2013
Abshear Alan D         6110    Ahlgrim Joel Alan      2100
Allen Henry J          1110    Brown Bobby Earl Jr    1310
Buchar Scott James     1310    Burrow Brian Patrick   1810
Camano Santiago Bartol 2900    Clark Shannon Malone   1310
Cowart Charles C       6490    Evangelista Rickson E  1110
Faith Alison Elizabeth 2900    Gensley Richard Matthe 1510
Holland Michael Christ 1320    Hudson Jason A         1200
Jenkins Ronald Joseph  5100    Lacy Herbert Eugene    1310
Laser Eric S           1830    Lawrence Duane M       2100
Lewis Jason Todd       2300    Marshall Samuel Ian    1820
Oeltmann Timothy Renfr 2100    Phillips Todd K        1310
Rankin James Forrest   1310    Rupe Ryan R            4100
Ryno Thomas Andrew     1130    Santiago Patcho Nelson 2100
Snyder Lisa Marie      2900    Starmer Jason W        1710
Taylor Jason Scot      1310    Wheatley Omar J        1440 

                 Permanent Promotion to Lieutenant Commander
        Lieutenant Commander Line and Staff Senate Confirmation Date
   Line 22 September 2012                    Staff 22 September 2012
                        DOR/EFF Date 1 June 2013
Abron Cedric J         2300    Ackerman Vincent Luke  2100
Allen Jason Scott      2200    Amell Lynda Sue        2300
Ayala Carmelo          2900    Barlow Lucas Gardner   1710
Bogatko Duane S        1310    Brenner Danyell Lynn   2300
Brooms Jermaine B      1110    Carlson Aaron Jay      1320
Carr Christopher Glenn 1810    Cedillos Louie         6310
Choi Jaewon            2500    Christiansen Bryan J   1120
Cole Scott Frank       1820    Cook Jerald L          2100
Cunningham Michael Edw 2100    Dahlquist Bryan Stanle 1320
Debons Jeremy A        1310    Finneran Matthew John  6490
Hamilton David Anthony 6160    Henderson Gregory Shan 2100
Jarboe Kristafer Yancy 1320    Johansen Joseph J      1110
Kaiser Lindsay A       1320    Kendall Bobby Glen     5100
King Michael Gregory   1310    Lebeau Derrick         2900
Lee Richard S          4100    Mays Jason Alan        1320
Mccrady Jeffery Bryant 6160    Mckendry Steven David  1830
Mcnear Jason Lee       1200    Merritt Samuel Byron   6290
Michalowicz Matthew Mi 2100    Miller Rebecca Armiger 2900
Minervini Michael Vinc 1320    Moebius Richard C Jr   1310
Nickell Paul W         1320    Odom Corey D           1110
Odom Misty W           1110    Palacios Cindi L       2300
Porter Thomas David    1310    Razon Benigno Tolentin 6510
Reid Mark William      6490    Rich Noah S            1110
Roberts Lance Alan     1520    Ruzicka Robert Jerome  1320
Sanchez Frank Charles  1320    Sareini Houssain T     1110
Schulz Katie Elizabeth 2900    Soteras Catherine C    2900
Tellington Andrew Jay  2200    Tepper Nadia Abdussala 1440
Tu James D             2100    Walls Robert Allen     1120
Whitaker Sonja Martina 2100    Wojcikwolanin Marie A  2100
Wolanin Alfred John II 2100    Woodcock Michael Alan  6230
Yokers David A         1310    Young Colin Raymond    2100



                 Temporary Promotion to Lieutenant Commander
No officers promoted in this category.

                      Permanent Promotion To Lieutenant
                      DOR/EFF Date 1 November 2012
Lafleur Leeanne        2900
                     DOR/EFF Date 1 December 2012
Miller David James     1120
                        DOR/EFF Date 1 June 2013
Abdullah Joseph Michae 1200    Abner Kyle John        1310
Acedera Paolo A        2900    Adams Justin Lee       1120
Adduce Timothy Lewis   1110    Ader Scott P           1830
Adjei Mark             3100    Adkins Joshua Daniel   1320
Adler Katherine Ann    1110    Adrianse Matthew R     1110
Aepli Jason Clark      1120    Aepli Lauren Emery     1800
Agliori Daniel D Jr    1110    Aguilar Noel Villanuev 2900
Aitkins Todd James     1310    Aku Antone Kuuido      1180
Aldrich Ryan Phelan    1310    Aldridge Jason T       1310
Alexander Emmy Jean    2300    Alexander John T III   1110
Aliano Adam Corey      1110    Aligood Nathaniel B    1220
Alleman Leif E         1310    Allen Brian E          1110
Allen Raymond Fredrick 1310    Altomare Stephanie Fra 1310
Alvarez Santiago Ismae 1120    Amorosso Ryan Edward   1310
Anderson Drew T        1320    Anderson Jeremy J      1310
Anderson Laura Kathlee 1310    Anderson Nicholas J    1120
Anderson Yekaterina La 2300    Andrade Adrian Robert  1310
Andritsch Jonathan Mic 1310    Anliker Nolan Warren   1190
Ansel Samuel R         1310    Aragon Michael David   1190
Aranas Leonard N       2900    Arnest William Landon  1170
Arnett Benjamin Jacob  1310    Arnett David E         1310
Arnold John Robert     1320    Arnts Todd Vincent     1130
Aronhalt Drake Michael 1820    Arthur Erin Elizabeth  1310
Asdal Ashley Lynn      1110    Asonye Chinomso E      1110
Atzenbeck Joseph John  1810    Backstrom Nathaniel Is 1120
Badger Kalyn Nichole   1310    Bailey Nathaniel Dougl 1310
Bailey Nora Anne       1110    Baker Charles Wilson   1110
Baker Joseph William   1310    Bakey Sean Thomas      1310
Balint Melissa Marie   2300    Ballingall James M IV  1110
Baney Jason Lee        1810    Barandon David B       1310
Barber Nathan Dennis   1310    Barmore Preston Tavish 1310
Barnard Lincoln F      1110    Barnes Tyree Dwight    1110
Barry Laura G          1810    Barstow John Thomas Cl 1310
Bartholdi Vincent Henr 5100    Bartholomeaux Andrew T 1110
Bartlett Laura B       2900    Bateson Damon William  1110
Battle Richard G       1460    Baucum Michael Perry   1830
Baveye Damien Jacques  1110    Beaghley Andrew J      1310
Beall Michael Kenneth  1800    Bean Travis F          1120
Beatty Vance Roy       1120    Beaty James Eric       1320
Beaudwin Jason Paul    1310    Beaumont William C     1310
Beauregard Adam M      1310    Beernink Hendrik Wille 3100
Beggins Michael Richar 1190    Bender Desiree Nickole 1320
Bender Samuel R        1310    Benko Colin William    1110
Bennett Rebecca A      1310    Benson Kevin           1170
Benzbushling Nicholas  1120    Berenholtz Evan S      1310
Bergren Derek Richard  1120    Berkeleyhitt Claire Me 2900
Berkey Kathryn Maureen 1390    Beveridge John H       1170
Bickings Conrad Michae 1460    Biegel Geoffrey Smoot  1120
Bieshaar Ryan Daniel   1110    Billings James Clinton 1110
Bishop Nathaniel John  1110    Bitter Matthew J       1130
Bitto Nicholas David   1460    Bladen Joshua T        1170
Blagojevic Nikola D    1170    Blair Jonathan W       1120
Blake Jennifer M       1320    Blamey Sara Jean       1110
Blanchard Christopher  1310    Blankenship Ryan D     1120
Blondet Mauricio       1810    Bochner Lindsay Christ 1110
Bodenhafer Kristopher  1830    Boe Conor A            1320
Boensel Christina Lynn 2900    Boettger Heidi Christi 1110
Bohme Jeffrey R        1120    Boland Brian Thomas    1320
Bolin Rosanna M        1310    Bolstad Jeffrey G      1310
Bona Nicholas Bernard  1170    Bond Benjamin W        1110
Bong Dean Heap Onn     1320    Bonner Keary Thomas    1390
Bordino Christopher Mi 1110    Boston Timothy Lamar   1320
Bosworth Michael Jeffr 1310    Bote Mark L            1110
Bourque Christopher W  1110    Bowen Eric Andrew      1310
Bower Evan M           1830    Bowerahming Michael Le 2300
Bowie Richard L        1120    Boyce Tim Gittings     1310
Boyer Nicholas A       1830    Boyle Andrew Joseph    1310
Brackney Godfrey Raphe 1320    Bradford Jordan Paul   1110
Bramer Alyssa          1310    Brandau Mark T         1110
Brannan Daniel L       1320    Brass Christopher Jame 1320
Bratton Carrie Elizabe 2900    Breitenbach Benjamin J 1310
Brenner Ian Andrew     3100    Briggs Steven Lamont I 1110
Bright George L        1110    Brinegar Patrick L     1320
Brock Whitney Wardlaw  2900    Brogger Samantha Lynn  1520
Brookes Natalie R      2900    Brooks Owen Edwards II 1170
Brown Emily M          2900    Brown Erin Kristine    2900
Brown James Kyle       1110    Brown Russell Alan     1310
Brush Alexander C      1110    Buehn Timothy Alexande 1310
Buffin Whitney Anne    1110    Buitrago Walter Scott  1110 
Bullard Erika Nevan    2900    Bunting Christopher Sh 1160
Burch Ariana M         1110    Burnett Christian Mich 1310
Buroff Marshall O      1220    Burt James Thompson    1320
Butler Clarissa Jean   1320    Buttrey Ryder Bill     1310
Buttrom Taisha Michell 1810    Caballero Erica Y      1800
Cabatu Christopher Ala 1310    Cabatu Janyse          1320
Cabe Paul M            3100    Calabrese Louis John I 1170
Caldwell Jeremiah M    1390    Caldwell Kenneth C     1130
Caldwell William J     1310    Calhoun Jonathan J     1110
Callahan Kenneth Georg 1310    Calvanico Mark Anthony 1320
Camiolo Veronica A     1110    Campbell Crystal V     1160
Campbell Ryan P        1110    Campos Carlos Alberto  1110
Cannell Robert Law Cou 1310    Cannon William R       1110
Carballo Carlos Albert 1110    Cardon Christian D     1160
Cargill Laura Kathleen 2300    Carnahan Samantha J    1110
Carnecer Edgar Pastorf 1820    Carrier Colby Andrew   1310
Carroll Benjamin O     1460    Carroll Joseph E       1310
Carroll Lisa Irene     1110    Carroll Thomas P       1310
Carter Antoinette Mild 1110    Carter Bryson Emmett   1110
Cartwright Devon A     1310    Cassidy Michael P      1310
Castaneda Joshua Micha 1120    Castillo Andrew Esequi 1310
Catacutan Carlisle R   3100    Cate Stephen P         1110
Cates Jacob Roy        1170    Catlin Sheridan George 1110
Catoire Andrew Gerard  1130    Cavazos Elizabeth Barn 1820
Cavazos Patrick Bernar 1170    Cerezo Joseph Leonard  1120
Cerrato Aj T           1110    Cerro Matthew Joseph   1120
Chalkley Justin M      1310    Chaloupka Andrew C     1120
Champagne Wendy Daniel 2900    Chandler Ryan Paul     1310
Chapoteau Angela Nicol 1110    Charlton Matthew John  1310
Chatfield John Edward  1320    Chayka Philip P        1110
Cheng Tao              1110    Chitwood Christopher J 1800
Choi Joseph            1130    Choi Steven Seokkyu    1120
Chong Junvicente Mihar 1160    Christ Colin Mitchell  1110
Christen Samuel Carlos 1310    Christenson David Mark 1310
Christian Andrew Rober 1120    Christopher Andrew Jam 1310
Ciancitto Christopher  2900    Cianelli Michael Tomas 1310
Cicero Carlo Kay       1110    Cichucki Nicholas Jose 1120
Cisterino Justine M    2900    Clague Patrick Daniel  1170
Clapp Thomas K         1310    Clapper Justin Paul    1110
Clark Angelique Marie  1200    Clark Brandon Eric     1110
Clark Nathaniel Adolph 1110    Clark Scott Brandon    1310
Clausen Alexander C    1310    Clayton Andrew Steven  1310
Clayton Joseph H       1190    Cleveland Jonathan P   1310
Cloward David R        1320    Coffey Haylee Laurel   1310
Cohen Adam Sidney      1110    Colegrove Brennin S    1310
Coleman Brittney Danei 1110    Collett Michael Dougla 1110
Collinsminkel Ryan Wes 1120    Combs Taylor Allen     1310
Cona Frank Walter      1310    Conatser Brian P       1110
Conley Colleen Joy     1310    Connelly Sondra N      2900
Connors John Brant     1830    Conrad Richard J       1120
Cook Adam B            1310    Cook John B            1310
Cook Phillip Anthony   1320    Coppa Charles J        1310
Coppa Jeanne M         1110    Copping Ethan          1190
Cordle Emily Christine 1310    Cornelius Andrew Jeffr 1190
Cornish Dwight Jeffrey 1130    Cornish Maile Elame    1310
Corrales Jill Marie    3100    Costello Ian R         1310
Cottrill Larissa Ann   1460    Coulter Marten Von Fri 1120
Coutre Jacob T         1120    Cox Charles Lee Jr     1110
Coyle Jason Scott      1110    Coyne Jason Ryan       1320
Crawford Beverly Ann S 1820    Creveling Jenna L      1110
Crews Thomas Bouldin V 1310    Cribbs Michael Ryan    1120 
Crimmins Peter James J 1810    Crosby Robert D        1310
Crosby Tatiana         2900    Crossgrove Jarrett Rob 1120
Crowell Nicholas Alan  3100    Crum Lynn Nash         1110
Cruser Kelcey James    1310    Cruzmestre David Luis  2300
Cude Lady Johanna      1820    Cude Russell Gordon    1110
Cueva Miguel Jr        1810    Cuevas Steven          1110
Culbert Jonathan Andre 1120    Culliton John Patrick  1310
Cummiskey David P      2900    Cummo Blaise S         1110
Curlee Samuel Lynn     1110    Cuschieri Joseph Charl 1310
Dabronzo Courtney Lynn 1110    Daiss Grant Carlton Wi 1310
Daiuto Trenton M       1310    Dangler Matthew J      1110
Daniel Charles Ryan    1120    Daniel Joseph Francis  1170
Danielczyk Christopher 1310    Danziger Katherine G   1220
Darrell David Emrys    1110    Dattaro Amanda Brenner 1110
Dattaro Christopher Ja 1110    Daugherty Edmond Garre 1310
Davidson Michael James 2900    Davila Aaron Ruben     1120
Davis Joseph Prentis   3100    Davis Raymond Lawson   1510
Dawson James C         1110    Day Gregory Wilson     1120
Dean Shawn             2300    Deceoursty Kevin David 1310
Decker Chelsea Marie   1830    Defreval Daniel F      1110
Degrothy Michelle Mari 1310    Dejoy Anthony R        1320
Delaney Sean Michael   1310    Deleon Jose Ivan       1320
Delgado Jonathon M     1140    Denicola Philip Mcmaho 1310
Denzel Jeffrey Richard 1170    Depooter Katherine Ann 1110
Deriemacker Ashley Ros 2300    Desiderio Jamille M    1320
Deversjones Kira Linds 1310    Dewey Kevin Crittenden 1190
Dias Luis Antonio Ribe 2900    Dickens Matthew James  1310
Dickey Jeffrey Vernon  1140    Dickey Rebecca L       1110
Diggs Thomas Lee       2900    Digiovanni Zachary Jam 1310
Dillon Paul R          1110    Dimone Amelia Lynn     1110
Dinan Lauren E         2900    Dineen Martin Kevin Jr 1110
Dixon Abigail Lee      1800    Dixon Paul Daniel      1310
Doane Nathaniel L      1120    Dobias Richard Grady   1810
Dobisesky Jacob Paul   1170    Dodd Christopher B     1120
Dodds Mersha Dalma     1110    Donaghy Henry John     1170
Donnelly Christopher F 1120    Dooner Robert Edward   1310
Dorfman David Sheehan  1460    Dorman Steven Eric     1830
Dorney Liam James      1810    Dougherty Andrea Marie 3100
Downs Justin Lawrence  1310    Downs Timothy Charles  1800
Drennon Shane K        1310    Driscoll Darby Clemson 1390
Driver Terrence Scott  1320    Druhl Carl Benjamin    2300
Dubinsky Jeffrey Scott 1110    Duffy Alexander T      1120
Duffy Michael J        5100    Dufore Joshua A        1310
Duncan Anthony Michael 1310    Duque Linda Marie      2900
Duran Joshua Nathaniel 1830    Durham Nathan Winston  1310
Durkin Shane Martin    1130    Eason Michael Mccrae   1310
Eberhart Michael B     5100    Ebili Patrick Oluwaseu 2900
Eckert Amanda M        1810    Eckert Paul Cameron    1320
Edge Zachary Charles   1310    Edsall Kevin Scott     1190
Edwards Jonathan Danie 1110    Edwards Michael E      1110
Edwards Ryan B         1320    Edwards Sullivan D     1120
Ehlies William H       1310    Ehret David A          1310
Einbinder Michael John 1320    Elison Trevor B        1170
Elliott Karl J         1320    Elliott Stephen Samuel 1310
Ellis Allison Withers  1110    Ellison Lauren J       1110
Englehart Matthew J    1460    Eren Taner B           1110
Ericksen Gregory S     1310    Esch Vanessa E         1120
Evans Angela Michelle  2900    Evans Jenny Lynn       1310
Evans Tanikka Rashanda 2900    Evert Jason A          1120
Fabionar Chantel M     1830    Fabunmi Bababowale O   2300
Faherty Daniel Joseph  1170    Fanning Chad T         1110 
Farkas Christopher Dan 1310    Farnham Benjamin R     1310
Fauste David Jose      1110    Feay Michael B         1310
Fedele Robert Michael  1110    Feldman Daniel H       1310
Feldmann Jeffrey David 1120    Felipe Anuel           2900
Fell Gregory Bruce     1110    Fenniman William Wille 1120
Ferbezar Natalie M     1110    Ferrell Frank Ellis    1120
Ferrell Michael Eugene 1110    Ferro Paul D           1110
Finnell Alexander S    1390    Fischer Jason Shane    1650
Fitzgerald Jessica Lyn 1460    Fitzgerald Morgan L    1110
Flanagan Thomas Michae 1310    Fletcher William Macke 1310
Flores Nita            2900    Floyd Jennifer L       1110
Flynn Colleen Margaret 1110    Follador Alexandro     1120
Fong Jasette M         2900    Forman David K         1110
Formosa Anthony E      1110    Forsythe Cody Robert   1310
Fox Benjamin Edward    1320    Fraenkel Richard A     1120
Francisco Gabrielle Ma 1110    Franz Markus G         1120
Freeman Peter R        1320    Friedewald Frederick N 1120
Friedman Daniel S      1830    Frierson Marcello John 1110
Fujimoto Jamie Akio    1820    Fuller Kevin Joseph    1120
Fusswinkel Steven Fred 1110    Galicinao Gary Tobias  2900
Gallagher Stephan D    1800    Galvin Andrew James    1310
Garcia Daniel Cesar    2300    Garcia Eric A          1310
Gardner Margaret Eliza 1310    Gardner Robert Charles 3100
Garrett Melinda Caroli 2900    Garrison Spencer W     1110
Garza Matthew Lee      1310    Gaskins Anthony Ramel  1110
Gaston Adam Miuchael   1110    Gaul Robert J          1310
Gavin Thomas Austin    5100    Gawne Michael Brian    1310
Gebicke Ashley Kaaron  1110    Geilfuss Claire Christ 1310
Gelinne Aaron M        1160    Gerard Steven L        1310
Gerontes Jason N       1820    Gerstenslager Robyn Bu 1650
Gerstner Eric Joseph   1830    Gervais Katherine R    2900
Getway Sean D          1110    Giacolone Holly A      1110
Giampietro Nichole M   1320    Gibbons Jennifer Miche 2900
Gibbs Alexa Nicole     1110    Gibson Daniel W        1130
Gibson Michael Armstro 5100    Gilliam Joshua Henry   2900
Gillis Andrew Ward     1320    Gillis Richard Gordon  1310
Ginnetti Andrew R      1310    Gioiello Alexandra Juv 1110
Gladfelter Daniel Howa 1170    Glodeck Tristan Michae 1120
Golom Ryan Eric        1320    Goodloe Kevin Edward   1320
Gordon Bryan Scott     1110    Gorence Peter William  1110
Gossard Sander John    1170    Gotcher Christian Jame 1110
Gould Thor Christopher 1190    Gow Eric Laine         1310
Graessle Sam William   1110    Graham Deon Dequan     1160
Graham Stephen H       1130    Graham Stephen T       1120
Grammar Jason Patrick  1110    Grant Jonathan Andrew  1110
Grant Richard Weston I 1310    Gravely William A III  1110
Graves Ryan Alfred     1310    Gray Chauncy Lorell    1110
Greco Samantha M       1110    Greenhouse Cole A      1110
Greenwood Nathan Andre 1170    Greer Roland Earl      1120
Gregory Adam James     1130    Gregory Glen M         1110
Gregory Sarah Michelle 1460    Griffin Arthur Eugene  5100
Griffith Ryan Patrick  1160    Grilley Marijke M      1320
Groh Andrew James      1110    Groll Margarete Frost  1310
Grosdidier Stephen Jam 1110    Gross Mathew Edward    1310
Grove Matthew Christop 1140    Grow Michael Sean      1190
Gudknecht Ashley Taylo 1110    Gulledge Sidney L IV   1110
Gumpert Michael Richar 1120    Gurney Philip T        1310
Guthmann David Edward  1120    Gutierrezborja Maria T 1110
Haas Andrew D          1310    Haggett Michelle E     1460
Hale Sean W            1310    Haley James Evetts IV  1310
Hall Adam Matthew      1310    Hall Christopher Jorda 1120 
Hall Elizabeth Brennen 1320    Hall Joshua Alexander  1210
Hall Kristopher J      1130    Hall Orion Eugene      1310
Hall Richard Nelson    1310    Hallahan Jared T       1110
Halliwell Matthew J    1390    Hamilton Duncan Neil   1130
Hamlet Matthew Ryan    1810    Hamlin Eric Lamar      1320
Hamm Brendan Daniel    1180    Hamner Joel Lawrence   1810
Hanes Ian Parmley      1310    Hankin Benjamin Shane  1120
Hannah Jillian Lynn    1310    Hannah John Curtis Jr  1310
Hannifan Christopher K 1110    Harber William Luther  1200
Hardie Charles William 1120    Harlow Travis Scott    1110
Harman Daniel Allen Jr 3100    Harmon Matthew Locke   1110
Harper Kara Lynn       2900    Harrell Coy Franklin   1310
Harris Robert Nelson I 1110    Hart Christopher Josep 1120
Hartley Allen Daniel   1310    Hartman Scott Thomas   1110
Hartzell John D        1110    Hartzog John E         1120
Harvey Ryan Tyson      1320    Haskell Halford Theodo 1810
Hasse Ronald Jacob     1830    Hassett Chelsea Marie  1110
Hastings Thomas Scott  1120    Hatchett Justin Wesley 1320
Haught Tyler Stephen   1110    Hausman Corey Allen    1310
Hawley John W          1110    Hayden Eric Robert     1810
Hayes Christen W       1110    Haynsworth Perry B III 1220
Hays Matthew Crookes   1110    Hazelgrove Shawn T     1320
Helm Alan Robert       1320    Hemker Monica C        1110
Henaogutierrez Gabriel 1110    Heredia Joseph M       1320
Herrick Brandon Kirk   1130    Hesler Mary Katherine  1310
Hewitt Chester Harding 1110    Heywood Christopher J  1810
Hieber Nicholas A      1110    Hill Ben Timothy       1210
Hill Jason Thomas      1390    Hipple Matthew R       1110
Hodgin George B        1130    Hoff Sharon Margaret   2900
Holder Sade Ayana      1460    Holifield Kenneth Clev 2300
Holmes Timothy M       1310    Holt Jordan Collins    1320
Holton Katherine Eliza 1810    Honan Laura Kathleen   2300
Honeycutt Patrick J    1110    Hooker Kyle Thomas     1310
Hooper Patrick M       1120    Hopkins Steven D       1110
Horohoe Francis J III  1310    Hotchkiss Andrew Steph 1130
Houck Andy Allen       1190    Hough James T          1110
Hout Brittany Allred   2300    Howard Travis Duane    1820
Howard William Bradley 1170    Howe Jaime Elizabeth   1110
Howell Donald A        5100    Hrenko Michael Ann     1800
Huber Adam Arian       1110    Huddleston Robert Vict 1120
Hughes William M       1110    Hunt Jessica Rene      1320
Hunter Benjamin R      5100    Hurlburt Ryan F        1310
Hyatt Stephen Addison  1320    Hymen Charles Abraham  1110
Hyun Rene J            1110    Ignacio Shann C        1110
Im Deborah             1110    Imperato Thomas P Jr   1310
Innerst Joseph Charles 1120    Intoccia Matthew James 1110
Israel William James   1820    Jacks Justin Garrett   1170
Jackson Andrew Spencer 1810    Jackson Lauren Gillam  1310
Jackson Nicholas Timot 1310    Jackson Zachary Drew   1310
Jacobs Hadde Elizabeth 2900    Jaeger Joseph C        1110
James Cylyne A         2900    James Eric A           1110
James Shervon Toni     3100    Jameson Robert James   1310
Jarrett Paul Y         1170    Jarvis Jonathan David  1320
Javate Mark S          1810    Jeannet Sayre Paul     1110
Jenkins Natalie Rose L 1460    Jenkins William Frost  1120
Jenks Michael S        1390    Jensen Eric Acero      1320
Jensen Jason C         1310    Jestrab Marek C        1110
Johnson Ashley Noel    2900    Johnson Caroline Louis 1320
Johnson Draonne D      1110    Johnson Kayla Marie    1110
Johnson Mark A         1120    Johnson Taylor Tenison 1120
Johnston Shawn C       1110    Jones Allan D          1110 
Jones Chandler W       1310    Jones Charles Curtis   1310
Jones Damion D         1110    Jones Eric A           1810
Jones Kelly Christine  1110    Jones Olivia Jean      1110
Jones Ozay Mandell     2900    Jordan Leah Kirsten    1310
Joseph Jeremy Charles  1460    Joslin Christine B     1830
Jubane Maverickwayn C  1120    Judd Alexander P       1310
Juskiewicz Brian C     1120    Justamante David       1810
Kachman Richard A      1110    Kaiserski Matthew J    1830
Kamm Andrew Albert     1110    Kang Paul Wesley       1310
Kapanka Michael R      1310    Karacsonyi Alexander J 1110
Karaoguz Adam Anthony  1130    Kasper Daniel J        1190
Kay Ivy Leiah          2900    Keech Nicholas J       1120
Keener Carolyn E       1310    Keffer Raymond A III   1310
Keily Timothy Douglas  1110    Keller Adam Nathaniel  1310
Keller Matthew James   1110    Kelley Alexander G     1120
Kelley Jasmine Miyoko  3100    Kelly Alexander M      1110
Kelly James M          1110    Kenefic Christopher R  1310
Kennedy Jordan T       1310    Kennedy Patrick Thomas 1310
Kerr Andrew George     1170    Kesler Mathew S        1110
Kidder Tomas E         1110    Kilgore Tod Eric       2300
Killeen Kevin Michael  1110    Kim Hyun Soo           1820
Kim Roger Gihong       1320    Kim Samuel Sang Tai    1110
King Johnmichael       5100    Kitt Christopher M     1120
Kjono Karl Johan       1120    Kline Bryan M          1110
Kloeker Brian Stephen  5100    Klosterman Gregory Eri 1800
Knauft Lisa Susanne    1310    Knebel Erik Sean       1810
Knott Andrew M         1310    Knowles Alexander Dani 1170
Kohl Aileen F          1310    Kohl Steven T          1310
Kojm Peter Maximillian 3100    Korbein Steven G       1390
Kostelnik Jason M      1390    Kreuzberger Charles Ma 1170
Kreuzberger Patricia A 1650    Kroning Ryan Allen     1310
Kropa Kalen Alise      1320    Krueger James Richard  1110
Kuelz Amanda Allison   2900    Kuhl Kenneth A         1310
Kutkiewicz Trisha Jane 1800    Kyler Benjamin G       1110
Labossiere Meagan Jacq 1310    Lacy Jason Michael     1310
Lafrance Maxwell C     1160    Lagrew Jonathan Greer  1800
Lahnala Kimberly Renar 1110    Lail Matthew P         1310
Lalanne David Matthew  3100    Lamb Benjamin R        1320
Lambert Brittny K      1310    Lambert Elisa Christin 1160
Lambert James H        1110    Lambert Keaton C       1110
Lanteigne Austin Lee   1320    Lanthorn Michael David 2900
Lapinel William Henry  1110    Laquay Jonathan Michae 1300
Laraway Kristen Marie  1110    Larsen Jonathan Paul   1310
Larsen Matthew J       1320    Larsen Scott Kenneth   1170
Lary Ralph Leon IV     1170    Laspe Charles Joseph   1120
Laurance Angela C      2900    Laurin Patrick Thomas  1320
Lavopa Anthony R       1110    Leahey Patrick John    1310
Leahy Joseph Patrick   1110    Learned Andrew P       1110
Lee Austin Alan        1310    Lee Emily Ann          2900
Lee Jessica B          2900    Lefon Christopher F    1310
Legault Bryan C        1110    Leggett James Michael  1110
Lehman Charles K       1460    Len Nicholas A         1310
Lenn Tara Ashton       1310    Lennon Robert Langdon  1310
Leone Geoffrey Anthony 1110    Leone Joseph Andrew    1110
Lesher Jeffrey P       1120    Levee Caleb Ross       1310
Levy Alexander         1830    Lewis Andrew Lloyd Jr  1110
Lewis Kasey B          1120    Lewis Tarah Bryanne    2900
Lewman Kevin M         1110    Li Thomas Jiaqi        1130
Licata James Moore     1310    Lichtsinn William J    1110
Lietzan Paul Michael   1320    Lileks Wayne D         1110
Lindbom Jeffrey Peter  1310    Lipe Douglas W         1200 
Lipscomb Alexander C   1310    Litwiller Christian J  1310
Lock Kodi M            1110    Lombardi Michael J     1110
London Emily Ming      1110    Long Andrew J          1110
Long Roger W           1830    Lott Aileen P          1110
Lovett James David     1310    Lowe Nicholas Evan     1310
Lozano Steven Ray      1320    Luby Robert J          1120
Lucido Joseph A        1120    Ludlow Clint Galen     2900
Ludvigsen Jeanne Morga 2900    Lugge John J           1460
Lukens Zachary C       1110    Luminarias Arnold Mart 3100
Lutton Corey E         1810    Lykins James Thomas    1210
Macgarva Gavin Richard 1310    Machado Christopher Ry 1800
Machado Rolando Jesus  1110    Macke Eric J           1120
Maddox John Lawrence   1310    Magana Thomas J        1110
Mai Carolyn            1460    Maier Derek Edward     2900
Malagoncordero Miguel  1110    Malherek Christopher P 1310
Malik Marek Nicholas   1130    Malixi Maynard C       1110
Malone Adrien Charles  1310    Manchion Charles M     1110
Mandia Diana           2900    Maness Tyler E         1110
Manko Logan Andrew     2900    Manley Adam D          1310
Mannion James J        1110    Mansel Ethan James     1110
Marez Meghann K        2900    Marino Darek Christoph 1110
Marino John T          1310    Marinucci Joseph S     1830
Marolt Christopher M   1120    Marsh Joseph Leroy IV  1170
Marsh Matthew James    1120    Martell Daniel P       1110
Martens Zachary Burton 1110    Martin Allison Marie   1110
Martin Bryne Rene      2900    Martin Jeffrey Stuart  1310
Martin Samuel Q        1310    Martinez Joshua Ryan   1320
Maschke Corky S        1310    Maslan Jason R         1830
Massengale Benjamin S  1170    Mathews Sander Hart    1830
Matic Brian Del Moral  1110    Matlock Everett Alan J 1110
Matson Jared Bruce     1110    Matson Kyle P          1310
Matthews Jessica M L   1320    Matthews Joshua Stephe 1830
Mattox Jacob Nathaniel 1120    Matus Michael Albert   1110
Matusek John Joseph    1170    Mayers Gregory B       1310
Mayo Kyle Lee          1130    Mcadams Kevin Thomas   5100
Mcallister Kelly Thomp 1110    Mccain John Sidney IV  1310
Mccallum Angus Andrew  3100    Mccann Sean R          1110
Mccarrel Mitch T       1130    Mccarthy Andrew Robert 1310
Mccarthy Charles Edwar 1310    Mccartney Jonmichael E 1170
Mccauley Joshua Craig  1110    Mccoll Duncan Andrew   1110
Mcconnell Gina Marie   1310    Mccord Mark H          1220
Mccoy Erik Daniel      1110    Mccullers Marisa Lynne 2900
Mcculloch Megan Lea    1110    Mcdevitt Michael R     1310
Mcdonald Daniel Willia 1190    Mcdonald Douglas Micha 1310
Mcdonough Ryan Clark   1190    Mcfadden Ryan Kehlen   1110
Mcgee Jack Ray III     1110    Mckenzie Elizabeth Mar 1110
Mckinley Lauren E      1110    Mclaughlin Stephen P   1310
Mclernon Zachary T     1110    Mcmanus Wilson Mansfie 1310
Mcmenamin Brian Oneill 1130    Mcmenamin Ian Walter   1130
Mcmenemy Erincolleen   1110    Mcnally Brandon Tyler  1310
Mears Candice Lee      1310    Mears Justin Turner    1310
Meck Reeve Hartman     1220    Meehan Kyle Scott      1310
Meetze Franklin A      1110    Melchi Joseph Alan     2900
Melhorn Margan H       1310    Melonas Macedonius Koi 1310
Memering Nicholas A    1310    Merin Lauren Nguyen    1110
Merritt Emily S        1110    Messer Jonathan J      1310
Meyer Christopher Davi 1310    Meyers Benjamin Charle 1130
Michaelis Jennifer L   1320    Middleton Christopher  1120
Miles Wilson Coleman I 1110    Miller Craig Q         1220
Miller Daniel T        1120    Miller David C         1310
Miller Douglas O       1110    Miller Jeffrey Michael 1310 
Miller Johnathon L     1120    Miller Thomas Edward   1120
Mills Joseph Robert    1110    Minkoff Michael Victor 1110
Misitano Carl A        1110    Misso Roger Lawrence I 1320
Mitchelson Matthew Art 1110    Mize Joshua Adam       1320
Molcsan Jamie Lynn     1310    Molnar Stephen Joseph  1120
Money John Taylor      1110    Montgomery James Brown 1120
Mooney Peter Andrew    1310    Mooney Richard A       1310
Moore George Miller    1220    Moore Ryan Everett     1320
Mora Ferran            2900    Morden Daniel A        1110
Moren Thomas Kenneth   1830    Morey Christopher M    1110
Morgan Kayla D         2900    Morrison Ashley Christ 1110
Morrison William Mckin 1110    Motyka Nicholas G      1320
Mueller Andrew Cameron 1170    Mueller Dustin Lee     1310
Mulvey Michael John    1110    Munji Audrey Laura Ann 1110
Munroe Christine Marie 1810    Murphy Daniel Patrick  1130
Murphy Kathryn Hage    1830    Murphy Terence Maxwell 1110
Murray Carter L        1310    Murray Gail Marie      2900
Mutschler Dane R       1310    Myers Travis Rea       5100
Nann Reinhard M        1310    Nasca Austin M         1310
Nate Jonathan David    1110    Neal Amber L           2900
Neill Wesley Cole      1110    Nelson Mitchell S      1170
Nelson Neal N          1130    Nemecek William J      1120
Nesbit Lincoln A       1320    Netardus Luke A        1110
Neuwirth Andrew David  1120    Newman Jessica Mary    2300
Newsham William A      1110    Nguyen Thuyvan Q       1110
Nichols Brandon Earl   1310    Nichols Casey Loy      1110
Nichols Kale Glenn     1310    Nichols Padraic E      1310
Nicholson Thomas Lloyd 1320    Nickell Megan Marie    2900
Nicolet Christopher Ab 1310    Nieland Jaclyn Susan   1320
Nieves Vanessa Maria   1110    Noce Michael J         1110
Nolan Patrick Hamilton 1110    Norine Christopher R   1320
Noronha Sean John      1310    Northrup Donald Steven 1110
Nunley Candice Marie   1310    Nussbaum Valarie Anne  1110
Obryant Thomas O III   1460    Ocampo Brian Douglas   1110
Ocampo Louis J         1830    Oconnor Matthew G      1310
Oconnor Shane Martin   1110    Odom Chris Dale        1170
Odom Kellen Thomas     1310    Offord Boswyck D II    1810
Ohagan John T          1310    Oldenkamp John Alexand 1120
Oleary Christiana Raqu 1830    Olena William Malcolm  1120
Oliveros Tyler Paul    1110    Olson Timothy Muir     1460
Omalley Kevin P        1120    Oneil Conor L          1310
Orr John Patrick       5100    Osborne Raymond K      1110
Oskutis Derek Reed     1190    Ostermeier Tyler N     1460
Ostgulen Anthony Jerom 3100    Ostlund Isaac Graham   1310
Oswald Casey H         1130    Otoole Brian James     1310
Oviedo Joel Leighton   1130    Owen Scott R           1390
Pacholk Abaigeal S     1110    Page Aubrey Paige      1110
Page Elliott Geoffrey  5100    Painter Joseph Leon    1650
Palmer Harrison James  1120    Panolli Julian         2900
Pappas William James   1110    Park Jonathan          1110
Parks William Charles  1120    Parry Jonathan H       1120
Parsons Kenneth P      1170    Pasichnyk John W       1310
Patel Pratiksha        1110    Patterson Matthew E    1110
Paulson Erik Steven    1830    Paulson Mark A         1120
Pearl Lynda M          1310    Pena Joel Antonio      1310
Penner Luke Calucom    1120    Pennington Adam Pittma 1320
Pennington Bradley Sco 1320    Pennington Mark A      1310
Pepper Toi Sharmaine   1160    Perkins Jonathan M     1120
Perkins Jonathan Mitch 1830    Peters Eric Arthur     1170
Peters Thomas Adam     1320    Petersen Matthew W     1310
Peterson Chad Wesley   1310    Peterson Ryan B        1170 
Petska Jonathan E      1310    Petty Christine Marie  1110
Pharr Vanea Ryann      1460    Phelan Matthew Ryan    1120
Phenning Jessica L     1310    Phillipslevine Dylan J 1310
Picinich Mark Christop 1310    Pickworth Justin Bryan 1310
Pierce Brandon D       1310    Pifer Ryan James       1170
Pigott Brendan Bernard 1110    Pilyansky Sergiy       1310
Pinero Stephen H       1810    Pirtle Laura C         2900
Pisano Kelly Ann       1110    Pittman Jerry Phillip  1120
Pleasanton Cory Todd   1170    Plueger Mitchell Rober 1110
Plumley James Michel   1120    Podelnyk Colin M       1160
Poh Brendan T          1110    Pollini Daniel         1310
Poloski Nathan Thomas  1310    Poon Philip            1320
Porter Stephen Christo 1310    Posey Shannon Michelle 2900
Potthast Craig Thomas  1170    Poulin Andrew Robert   1310
Powers Justin R        1310    Pratt William V        1120
Price Peyton Thomas    1810    Proffitt Joseph Grant  1310
Racoma Renalyn Ann     1110    Rahall Ann Marie       1110
Raheem Asia Octavia    2900    Ramsay Kristel Danette 2900
Randolph Julie M       2900    Raney Stephen Joseph   1110
Rankin Ryan Christophe 1390    Rapach Theodore A      1220
Rash Christopher Jorda 1820    Rasnake Javan W        1170
Rausa Nicholas Joseph  1120    Rawls Richard Sidney   1830
Rawls Robert A         1110    Reagan James Harris    1110
Reardon Timothy Mauric 1110    Redding Donald W       1120
Reed Alexsandra Tamasa 5100    Reed Daniel K          1110
Reeg Geoffrey R        1390    Reep Ryan Jeffrey      1210
Reffitt Matthew Christ 1800    Regan Elizabeth Lauren 1110
Reichel Julie Christin 1310    Reider Scott Matthew   1310
Reidy Christopher C    1310    Reilly Grace E         1310
Reinking Curtis Willia 1120    Revell William Allen   1310
Reynolds Naomi Michell 1110    Rice Brendan A         1170
Richards Brian Hammond 1320    Richards Scott Kenneth 1110
Richardson Antwan Maur 1110    Richardson Nathan J    1810
Richmann Philip Martin 2900    Rickoff Cary F         1310
Ridge Cory James       1310    Ridgeway Sandra        2900
Riedel Amy Kathleen    1110    Riedel Christopher Kev 5100
Riffle Jimmie Gerald I 2900    Rigez Brian Glenn      1120
Riggs Jacob T          1310    Riojas Francisco G     2900
Riordan Bridget Mary   1110    Ritchie Daniel Austin  1130
Rivera Jacob Aaron     1320    Roberts Hannah Elizabe 1110
Robertson Kathryn Anne 1320    Robie Dane Carter      1310
Robinette Whitney Kres 1110    Robinson Riley A       1110
Rocha Daniel Joseph    1110    Rocha Sean Lee         1170
Rockwell Robert Lyle   1120    Rodriguez Mikel Xavier 1190
Roe Ralph E            1310    Rogers Benjamin Wade   1310
Rolle Adrienne Joi     5100    Romo Seth Alan         1120
Ronan Lauren Elizabeth 1110    Rosarda Thelmar A      1110
Rose Ryan Lee          1310    Ross Alexandria Megan  2900
Ross Clark Barton      1310    Ross Erica Jean        1310
Rossi Nicholas James   1110    Rothchild Derik Willia 1120
Rotter Juliana C       1110    Rotunda Grant N        1120
Rowe Martha Lee        1110    Rowland Christopher Ed 1310
Rueda Michael Joseph   1310    Ruesch Nicholas E      1110
Ruisi Andrew J         1310    Ruiz Nicole Anne       1830
Rushing Bruce M Jr     1320    Rusinak Matthew Stephe 1310
Russell Stephen T      1130    Russo James Thomas     1320
Rutherford Mark        1310    Ruun Tyjebeck H        1320
Ryan Jessica Madson    1810    Ryan Keanen M          1220
Ryan Mallory L         1110    Ryan Robert W          1310
Ryerson Robert Leo     1110    Sacksen Benjamin Peter 1320
Sadia Nicholas Christo 1320    Sakaio Maelina Tiale   1110 
Samson Adam J          1110    Santelli James Eugene  1120
Santos Anthony Meno Jr 1820    Santos Holly K         1110
Savage Kenneth J       1310    Sawko Ryan Gregory     3100
Scarle William Henry I 1110    Schaefer Thomas G      1170
Schaertl George Joseph 1120    Schaff Trevor Garrett  1310
Scheidt Matthew Scott  1120    Scherban Robert S Jr   1120
Scheuermann Jonathan P 1460    Schlachter Jacob Lesli 1120
Schlaefer Douglas Char 1320    Schmermund Robert Jame 3100
Schnabel Drew T        1310    Schoenig Brian Matthew 1110
Schott Alexandra C     1110    Schreiner Matthew A    1310
Schrodt Kevin Joseph   1140    Schrodt Melissa Jean   1310
Schroeder Josef M      5100    Schuetz Lauren E       2900
Schultz David Carl     1110    Schultz Robert G       1120
Schweer Louis B        1110    Scroggs Ann Marie      1110
Sealy Matthew David    1160    Serrell Jonathan Allen 1130
Setyon David Elisha    1320    Seymour Michael Louis  1110
Shamrell Kenneth E     1310    Shannon Patrick Dana   1110
Sharkey Jamie Leigh    1310    Sharp Curtis William   1110
Sharp Kelso Eugene II  2900    Sharp Lauren Kendall   2900
Shaver Tyler Christian 1310    Shaw Rebecca Rose      1310
Shaw Steven Ellsworth  1310    Shea Scott Thomas      1310
Shemon Adam Gerard     1320    Sheppard Daniel Joseph 1110
Shillito Bradley James 1310    Shin Andrew G          1460
Shinego Gregory Michae 1110    Shippee Conor Hayes    1170
Shorrock Jacqueline Ke 2900    Siddall Justin L       1310
Sierleja Kenneth Franc 2900    Simkovics Stefan       1110
Simkus Anne R          1110    Simmons Kristen Marie  1160
Simmons Mark Tyler     1120    Simon Charles D        1370
Sims William Andrew    1110    Sippel Charlene Ann    1110
Sippel Patrick Douglas 1310    Sison John A           1170
Skaperdas Nicholas Ram 1310    Slade Ashley L         2900
Slover Danny Glen II   1120    Small Laura Caitlin    1110
Smallwood Michael P    1320    Smearman Jared Scott   1830
Smiros Stephanie A     1110    Smith Alexander Parker 1110
Smith Colin Andrew     1300    Smith Jeremiah Patrick 5100
Smith Jess Aaron       2300    Smith Justin R         1120
Smith Nicholas Bradley 1310    Smith Shannon Blue     2900
Smith Zachary S        1310    Smitley Erinn Whitney  1110
Snow Amanda Marie      2900    Snyder Kevin William   1310
Snyder Mark P          1190    Snyder Matthew Lee     1120
Southerland Sam J      1310    Sovie Alexandria Mae   5100
Spangenberg Elizabeth  1110    Spence Evan Coleman    1170
Spillers Michael David 1830    Spitler Russell H      1830
Spoor Zachary A        1190    Spuhler Corey Adam     1110
Stahl Douglas Patrick  1310    Standen Sean Michael   1110
Stanton Adam Douglas   1120    Stapleton Desmond Earn 1110
Stateler Megan Joah    1310    Stayton Daniel Frankli 1110
Stearns Michael Joseph 1120    Steele Joseph Andrew   1110
Steingraber Darrah J   2900    Stelzel Shawn Martin   1170
Stempel Nathan Daniel  1120    Stephens Conor William 1830
Stepko Matthew Joseph  1110    Sterling Garrett John  1170
Stewart Patrick Lance  1110    Stinson Eric Andrew    1120
Stoffel Brock J        1170    Stokes Isaiah T        1110
Stokes Joshua Warren   1310    Stone Alex C           1310
Stone Liza             2900    Stooksbury Michael Wes 1320
Straub Samuel James    5100    Strausbaugh Kyle Patri 5100
Strickland Grant Vitto 1310    Strickland James Ellis 1320
Strobel William Christ 1120    Stubbs Matthew R       1310
Sullivan Kyle A        1110    Sullivan Ryan Michael  1170
Suszan Christian Ivan  1320    Swank Nathaniel Jacob  1310
Swanson Timothy Christ 1120    Sweeney Sheila A       2900 
Sweeney Stephen Anthon 1120    Swezey Matthew Michael 1120
Swindel Joseph D       1390    Szatkowski Kyle James  1120
Tacl Timothy Michael   1110    Talmadge Ryan Christop 1130
Talstein Todd Robert   1120    Tanner Aaron Thomas    1310
Tanner Wesley Ryan     1310    Tatel Samuel C         5100
Tellez Jorge Gabriel   1120    Telusnor Yvette        2900
Tercero Ian Andres     1110    Terminello William Fra 1310
Terwey Alan Matthew    1120    Theriault Chad Raymond 1310
Thiel Thomas John      1310    Thiess Kelly Louise No 1110
Thomas Bathsheba Shunq 2900    Thompson Drew E        1120
Thompson Ural E III    1110    Thomson John R         1110
Thomson Nathaniel Rory 1820    Thorleifson Dane Richa 1310
Thornton Connie Gene   1110    Thorp Andrew Owen      3100
Thorpe Erin M          1200    Thurman James Patrick  1320
Timmerman Matthew R    1810    Tom Theodore S         1110
Tomaszycki Frederick L 1110    Tomblin Brandon L      1310
Tormey Andrew James    1110    Torres Jesus Gabriel   3100
Tovado Anthony Michael 1310    Trask Douglas C        1120
Treacy Lauren E        2900    Treat Andrew Ryan      1170
Triantafellou Crystal  1830    Tribou Blake Tillman   1110
Turner Richard Barrett 1110    Tysinger Patrick Evan  1110
Ublacker Sean Patrick  1320    Udoh Lenea Vance       2900
Ugarph Matthew David   1120    Uhl Andrew M           1110
Ulis Bradley James     1170    Umpa Daniel Patrick    1310
Unruh Joseph Paul      1190    Upright Rory P         1320
Uranga Jesus Arturo Jr 1650    Uselman Jerome         1110
Valeri Jonathan P      1170    Vann Andrew Diggs      1110
Vanvliet Peter Leender 1120    Varona Christopher     1310
Vaughan Ashton Joseph  1310    Vawter Andrew R        1320
Vazquez Lisandro       1120    Vazquez Maria F        1110
Vegel Matthew James    1120    Veldhouse Theresa Jo   2900
Venturini Aaron Gabrie 1310    Vermilloherman Jacquel 1110
Vernan Bowen R         1310    Vest Dylan W           1110
Vey William Charles II 1320    Vittorio Christopher J 1120
Vollmer Elizabeth A    1110    Vonbargen Michael Jame 1170
Vukelich Joshua Marcus 1130    Waddle Ashley Nichole  1320
Wade Sarah Jane        2900    Wales Cameron Scott    1110
Walker Alan Alfred III 1110    Walker Lindsay M       1810
Walker Michael A Jr    1110    Wall Timothy R         1310
Wallace Abigail E      1110    Wallace Michael J      1320
Wallis Erich Roy       1130    Walls Riley Alan       1320
Walter Ryan Errol      2900    Warhurst Joseph A      1110
Warner Andrew W        1310    Warner Daniel A        1130
Warren Brian Ross      1310    Warrene Crystal Rose   1820
Watson Bryan Calvert   1120    Watson Caitlynn A      1310
Watson Lashonda Anitra 2900    Watson Marissa Ann     1310
Watts Daniel Hunter    1310    Webb Michael M         1310
Webb Samuel David      5100    Weber Daron Scott      3100
Webster Aaron Shannon  1120    Weikle Cianna Lee      1830
Weinstein David M      3100    Weintraub Caleb David  1130
Weinzatl Jacob Matthew 1320    Wells Benjamin Brodie  1800
Wess Mark Andrew       1810    Wessel Ashley Marie    1460
Wessley Brett Levan    1830    West Candice Marie     2900
Westerman Jonathan Ros 1310    Whigham Brandon Lee    1110
Whitaker Susan Marie   1110    White Denver T         1320
White Matthew Joseph   1460    White Michael David    2900
Whitecotton Robert Lev 1110    Wichmann Cedric Reilly 1320
Wielgus Ryan Wayne     1310    Wiezorek Justin A      1110
Wilber Christopher R   1120    Wilcox Julian Leshawn  2900
Wildemann Briana M     1110    Wilder Brandon Andrew  1310
Wilkins Christopher Mi 1460    Wilkins Robert John    1830 
Wilks Kelly R          1110    Willard Matthew Paul   1310
Willard Ryan G         1310    Williams Brian Nelson  1310
Williams Toshi Lee     1110    Williford Jermaine Pau 1110
Willis Shannon S       1110    Willstatter Kyle       1120
Wilson Andrew Patrick  5100    Wilson David Allen     1320
Wilson Kyle Adam       1310    Wilson Lauren Renee    1110
Wilson Robert D        1120    Winston Benjamin A     1110
Wirtz Katherine Elizab 1110    Witkowski Marshall Joh 1170
Witt Peter D           1120    Wolcott Robert Stewart 1310
Wolferd Molly Todd Mln 2900    Wolff Michael Frederic 1320
Womack Joshua James    1110    Wood Jessica Leslie    1110
Wood Timothy D         1310    Worst David Austin     1310
Wozniak Douglas J      1120    Wright Christopher Joh 1320
Wydra Meredith Noah    1310    Xiong Ka               1800
Yanez Josue Fabian     1800    Yankauskas Jaime Danie 1110
Yeager Anthony P       1130    Yelverton Harrison Osc 1110
Yoder Bryon R          1310    Yohannan John S        2900
Yoshimura Elena Urbina 1320    Young Brittany May     1310
Youngblood Alanna Brea 1800    Youngblood Kyle M      1310
Youngman Michael Andre 1830    Zachar Ryan D          1460
Zarow Zachary R        1110    Zayas Haley Marie      2900
Zelsdorf Gisselle Ive  2900    Zenarosa Zay Guray     2900
Zendt John Francis     1110    Zimmer Joshua Fleming  1120
Zimmerman Thomas Wickh 1310    Zink Kyle James        1170
Zintak Benjamin Carl   1390    Zito Mark Paul Jr      1110
Zoellick Daniel John   1130

                Limited Duty Officer Promotion to Lieutenant
No officers promoted in this category.

              Permanent Promotion to Chief Warrant Officer, W-5
                        DOR/EFF Date 1 June 2013
Baker Dwight Douglas N 7181    Bowers Kenneth Russell 7151
Wiseman Kathy Susan    7521

              Permanent Promotion To Chief Warrant Officer, W-4
                        DOR/EFF Date 1 June 2013
Lester Michael Sean    7441    Roar Brett Allen       7441
Schrader Lowell Willia 7531

              Permanent Promotion to Chief Warrant Officer, W-3
                      DOR/EFF Date 1 February 2013
Ford Anthony Dwayne    7121

3.  If a selected officer does not decline his or her promotion in writing 
prior to his or her projected date of rank (noted above in paragraph 1), that 
officer is considered to have accepted the promotion on the date indicated.  
An officer who chooses to decline his or her promotion must submit the 
declination in writing to COMNAVPERSCOM (PERS-831), prior to the effective 
date indicated above.

4.  The Commanding Officer, the Secretary of the Navy or his designee, have 
the authority to delay projected appointments.  Upon the exercise of a delay, 
the officer shall be notified in writing before the effective date of the 
appointment, and not be tendered the appointment. The delay authority will 
immediately forward the recommendation to delay with supporting documentation 
to COMNAVPERSCOM (PERS-83), copy to COMNAVPERSCOM (PERS-831).

5.  Prepare NAVPERS form 7 (Rev 02-13).  Use this NAVADMIN as ref (a).  Use 
Title 10 U.S.C., section 624 as ref (b) for permanent lieutenants and above.  
Use Title 10 U.S.C., section 578 as ref (b) for chief warrant officers.  Use 
Title 10 U.S.C., section 624 and 5589 as ref (b) for Limited Duty Officer 
promotion to lieutenant.  Limited Duty Officer appointment to lieutenant is a 
permanent appointment; acceptance of the appointment is acceptance of 
permanent appointment as a Limited Duty Officer.  Mail the completed form to 
COMNAVPERSCOM (PERS-831).

6.  Officers should review OPNAVINST 1811.3 for minimum time in grade 
requirements for purposes of voluntary retirement.  Full Time Support officers 
and those officers temporarily on active duty anticipating release from active 
duty under SECNAVINST 1920.6C may accept promotion without incurring any 
additional active duty obligation.

7.  New photographs are required for all officers within three months after 
acceptance of promotion.  See MILPERSMAN 1070-180 for specific requirements.

8.  Released by Vice Admiral S. R. Van Buskirk, N1.//

BT
#0000
NNNN

