UNCLASSIFIED//

ROUTINE

R 241744Z MAY 21 MID200000883523U

FM CNO WASHINGTON DC

TO NAVADMIN

INFO CNO WASHINGTON DC

BT
UNCLAS

NAVADMIN 102/21

PASS TO OFFICE CODES:
FM CNO WASHINGTON DC//N1//
INFO CNO WASHINGTON DC//N1//

MSGID/GENADMIN/CNO WASHINGTON DC/N1/MAY//

SUBJ/ACTIVE DUTY PROMOTIONS TO THE PERMANENT GRADES OF CAPTAIN,
COMMANDER, LIEUTENANT COMMANDER, LIEUTENANT AND CHIEF WARRANT
OFFICERS IN THE LINE AND STAFF CORPS//

REF/A/DOC/OPNAV/11JUL11//
REF/B/MSG/CNO WASHINGTON DC/211859ZDEC17//
REF/C/DOC/OPNAV/28FEB12//
REF/D/DOC/SECNAV/24JUL19//
REF/E/DOC/COMNAVPERSCOM/23JUL07//

NARR/REF A IS OPNAVINST 6110.1J, PHYSICAL READINESS PROGRAM.
REF B IS NAVADMIN 304/17, PHYSICAL READINESS PROGRAM POLICY CHANGES.
REF C IS OPNAVINST 1811.3A, VOLUNTARY RETIREMENT AND TRANSFER TO THE
FLEET RESERVE OF MEMBERS OF THE NAVY SERVING ON ACTIVE DUTY.
REF D IS SECNAVINST 1920.6D, ADMINISTRATIVE SEPARATION OF OFFICERS.
REF E IS MILPERSMAN ARTICLE 1070-180, OFFICER PHOTOGRAPHS.//

RMKS/1.  Congratulations to the following officers on their
promotions to the ranks indicated in this message.  This NAVADMIN is
the authority for effecting permanent officer promotions on the
dates indicated.  Columns read name and designator.
                          PERMANENT PROMOTION TO CAPTAIN
                       SENATE CONFIRMATION DATE 25 MARCH 2021
                         DOR/EFF DATE 1 MARCH 2021
 Channell Jonathan Scott  1310
               CAPTAIN LINE AND STAFF SENATE CONFIRMATION DATE
                  LINE 20 JULY 2020      STAFF 20 JULY 2020
                          DOR/EFF DATE 1 JUNE 2021
 Cote Benjamin Frank      1710         Dorsey Jereal E          1650
 Ehrlander Staffan Lars   1830         Giles Karl G             6410
 Kempista Lawrence W      1810         Mai Vinh Q               2100
 Mancuso Wendy Gaza       2100         Mihalik Craig Andrew     3100
 Moss Rodney H            6310         Mueller Arthur A III     1440
 Nowalk Mark A            6260         Odonovan James Brettman  1820
 Paul Brent C             5100         Williams Kenneth J       6110
   CAPTAIN UNRESTRICTED LINE SENATE CONFIRMATION DATE 30 JULY 2020
                          DOR/EFF DATE 1 JUNE 2021
 Fagan Joshua D           1310         Fugate Nathan Walker     1110
 Hampton Alex L           1310         Hayes Ryan Chandler      1310
 Levoy John D             1320         Obrien Paul D            1110
 Spillner Brent C         1120
                      PERMANENT PROMOTION TO COMMANDER
                   SENATE CONFIRMATION DATE 25 MARCH 2021
                        DOR/EFF DATE 1 FEBRUARY 2020
 Brown Hassan Ali         2900
              COMMANDER LINE AND STAFF SENATE CONFIRMATION DATE
                LINE 30 JULY 2020      STAFF 14 DECEMBER 2020
                          DOR/EFF DATE 1 JUNE 2021
 Aaron Aaron N            1810         Ashley William F Jr      1110
 Davis Sean F             1110         Devoe Justin Thomas      3100
 Evans Taylor A           1310         Ford Phillip J           1810
 German Matthew Lee       1320         Gomez Reynaldo           2100
 Hanson Christopher Mark  2200         Harp Tracy Lynn          2500
 Hartley Stephen John Jr  6130         Harvey Amie Luann        2100
 Hogan Shaina Marie       1200         Holch Alejandra          3100
 Ivey Douglas A           1110         Kennedy Henry Jacob      1120
 Knox Mark Allen          1830         Letourneau Mark C        6480
 Mcgill April Lynn        2100         Mcneil Thomas E          1320
 Mills Thomas Jackson     1800         Nowak Edward J           1310
 Nuse Will A              1510         Parks Steven Holland     5100
 Pilkerton Thomas E       1440         Reini Seth Andrew        2300
 Schwartz Jeremy Michael  5100         Spotser Justin Brent     1110
 Thomas Christopher O     1110         Thomas Curtis L          1110
 Turnipseed Jon Kendall   1130         Valle Michael Benjaman   3100
 Williams Kirby II        1310         Zerler Nicholas Michael  1320
 Zeuner Keith Steven      1320
                 PERMANENT PROMOTION TO LIEUTENANT COMMANDER
                   SENATE CONFIRMATION DATE 25 MARCH 2021
                        DOR/EFF DATE 1 OCTOBER 2019
 Noah Rodney A           2300
                 SENATE CONFIRMATION DATE 26 SEPTEMBER 2019
                        DOR/EFF DATE 1 NOVEMBER 2019
 Ewing Christopher Kane   2100
                   SENATE CONFIRMATION DATE 25 MARCH 2021
                         DOR/EFF DATE 1 MARCH 2020
 Oloughlin James Glen     2100
        LIEUTENANT COMMANDER LINE AND STAFF SENATE CONFIRMATION DATE
              LINE 14 DECEMBER 2020      STAFF 14 DECEMBER 2020
                          DOR/EFF DATE 1 JUNE 2021
 Anderson Shannon Ray     1310         Anthony Donald Patrick   1310
 Avila Kristin Elizabeth  1110         Ballard Joshua Thomas    1310
 Bates Rick William       6260         Beg Raza Pervez          2300
 Bolstad Jeffrey Steven   1110         Brown Jason Robert       1820
 Clutts Stacia L A        3100         Descary Andrew David     5100
 Deskin Rachael Marie     1110         Doehrel Brittany E       2500
 Erwert David Andrew      1120         Fick Austin Nathaniel    1310
 Finigan Anthony Simon    1120         Flanigan Michael Thomas  1310
 Flynn Patrick Daniel     1310         Fowler Kimberly Marie    1200
 Frasher Christian D      1310         Garcia Eric Michael      1110
 Gaster Thomas Glynn      1140         Goodwyn Dion Brooks      6130
 Hance Drew Joseph        1310         Harlan Randolph Scott    1120
 Harper Michael Lynn      6330         Headrick Meagan Anne     2900
 Herrera Angel Jr         5100         Horton Richard K Jr      1130
 Iott Travis Dale         1310         Kaplan Robert Conor      1310
 Kean William Stephen     2100         Kelly Daniel Patrick     1110
 Klein Jordan A           1440         Koch John Joseph         2100
 Kyllo Stuart Daniel      2100         Lassiter Michael Scott   1120
 Lauber Richard C III     1120         Mccall Michael T         3100
 Miller Justin Graham     6200         Miller Ryan Patrick      1310
 Mok Guillaume            2500         Moxey William Joseph III 1310
 Pack Korey Archie        6180         Pannebaker Danielle L    2100
 Pastrana Darren Lee      1800         Pavone Gregory Adam      1710
 Payne Christopher M      1810         Perez David Manuel       1310
 Pratt Daniel John        6360         Quasney Charles Thomas   2200
 Ramirez Fae Lisa         2300         Ray Justin Spencer       2200
 Ring Tara Rhee           2100         Sanders Raymond Alan Jr  1110
 Schallenberger Travis L  1310         Sessions Calvin Ashley   1810
 Smith Jerd Holden        1120         Staidl Casey Joseph      1520
 Sullivan Michael D       2100         Sylve Teneshia G         1830
 Torres Colby Robert      4100         Trask Timothy Scott Jr   3100
 Troullier Gabriele S     1310         Waters Benjamin Mabry    1310
 Weber Annicka Michele    1830         Willms Alicia Ruth       1310
 Wong Kim Lin             3100         Yearby Emma Sharonda     6410
                      PERMANENT PROMOION TO LIEUTENANT
                        DOR/EFF DATE 01 JANUARY 2019
 Laporte Logan W          1830
                        DOR/EFF DATE 1 OCTOBER 2019
 Spurlin Matthew Blake    6330
                          DOR/EFF DATE 1 JUNE 2021
 Abitbol Kenny Jacob      1210         Abramson Nicholas Dean   1190
 Abrigo Julianne Briones  1110         Abruzzo Timothy Joseph   1110
 Acevedo Stephan J        1110         Acutim Jubbie Monton     2900
 Adair Ryan Alexander     1310         Adams Ashley D           1110
 Adams Christine E        1110         Adams Jay W              1310
 Adams Michael Wade       1120         Adams Seth Jerald        1110
 Adams Taylor James       1310         Addicks Joshua E         3100
 Adelman Jordan J         5100         Adley Michael P          1320
 Agbam Marius Yao         2900         Ahlers Peter N           1170
 Alade Edward Adedapo     1110         Alasagas Leslie A S      1110
 Alberts Tina Catherine   1110         Albertson Grace M K      1110
 Aldridge Lewis C         1650         Alexander Donald S       1170
 Alhassan Maryam          1110         Allen Ben Mills          1310
 Allen Zachary G          1310         Alsaied Jasmin           1110
 Alvarez Joe Abraham      1110         Alvarez Taylor Nicole    1200
 Amaya Arthur I           1110         Ammons Seth Nathaniel    1120
 Anater Margaret Mary     2900         Andersen Alessa J        2900
 Anderson Shane Alan      1820         Anderson Steven D        1320
 Anderson Teresa Heesun   1110         Angle Sarai K            1310
 Antol Ashley Nicole      1320         Antol Joshua Wesley      1310
 Araya Michelle E         2900         Arbuckle Ian Andrew      1310
 Arion John Charles       1110         Armstrong Lorenzo G      1310
 Arnold Carman Clifford   1800         Arnold Jasmaine R        1110
 Arnold Mason G           1310         Arnold Nicholas Patrick  1320
 Asdal Charlotte Kara     1110         Asojo Kehinde A          1160
 Atkinson Tabitha Marie   2900         Bacon Eloise A           2900
 Bacon Kelsey Ashbrook    1320         Bacon Thomas C           1820
 Bagnick Christopher J    1310         Bailey Bradley W         1320
 Bailey Rika L            1320         Bailey Ryan Patrick      1170
 Bailey Tanner D          1190         Bailin Benjamin Henry    1170
 Baily Noah P             1130         Bajwa Ashimsanjeet Singh 1810
 Baker Samuel J           1170         Baker William Matthew    2300
 Bakotic Steven Rushlyn   1110         Balko Jared Warren       1190
 Ballard Logan Nicole     1830         Barbaria Alexander J     1190
 Barker Ryan Timothy      1120         Barlow Angelic M         1110
 Barnes Brendan D         1190         Barnes Marquise          1110
 Barnes William C         1120         Barnett Mckenzie Eva     1830
 Barnutz Cristian Oliver  2900         Baronvonvietinghoffschee 1310
 Barrett Amelia Marie     1320         Barrett Joseph Thomas    1110
 Barrett Roger T Jr       1120         Barron Pharen R          1110
 Barta Alexander Joseph   1310         Barta Jessica Ann        1320
 Barthelmes Zachary       1310         Bartkus Mackenzie R      1170
 Bascom Samuel Christian  1110         Bates Samuel Harper      1310
 Baughman Vance Phillip   2300         Baum Katharine V         1310
 Baumstark Brody C        1320         Beane Lawren L           1200
 Beasley William H III    1310         Beaudoin Jessica         1390
 Beavers Cecilia L        1310         Becerra Jenna C          1110
 Beck Michaela Josephine  1160         Beck Randall Carpenter   1320
 Beers David M            1110         Beletic Sebastian M      1130
 Belin Terry Isaiah       3100         Bell Ezra T              1310
 Berger Charles E         1310         Berky Maggie Esther      2900
 Bernard Stephen M Jr     1110         Best Ian Gregory         1170
 Best Jacob Charles E     1310         Beutler Thomas A         1310
 Bevill Maxwell Clayton   1310         Biggers Erik W           1120
 Bigley Suzanne E         1120         Bilinski Noah M          1120
 Billies Alexander N      1110         Bisbee Cabot Larson      1110
 Bishop David Austin      1210         Bishop Jacob R           1310
 Black Laura A            3100         Blackadar Hannah Jane    1110
 Blackadar Macklin Owen   1110         Blackburn Christina M    3100
 Blais Chas J             1310         Blink Alexander          1320
 Bliss Madeline Jane      1320         Blohm Nicholas Gregory   1130
 Bloom William George Jr  1310         Blue Travis Clase        1310
 Boccuzzi Matthew Ryan    2300         Bodart Megan M           1110
 Bogan Clark A            1110         Boldes Jacob S           1820
 Bolles Marcus A          1120         Bonner Andrew            1120
 Bonnicksen Hallie N      1110         Bono Justin M            1170
 Bonow Tucker S           1110         Boone James M            1320
 Borch Tyler C            1390         Borcuk Raena Marie       1310
 Borden David James       1390         Bostian Elizabeth K      1310
 Boswell Nicholas J       1110         Boullianne Jeanmarc N    1810
 Bowers Dominique H       1160         Bowers Kelly D           1110
 Bowman Carter J          1110         Boyer Gregory Scott      1810
 Boynton Eric Hooper      1190         Bracero Michael          6360
 Bradford Lavaida Arveta  1110         Bradley Garrett Samuel   1310
 Bradley Jeffery L        1170         Brady Alana Adams        1310
 Brenn Drew Michael       1120         Brennan Charles C        1310
 Brennan Sean Michael     1120         Breuer Matthew W         5100
 Brinkerhoff Alexander O  1310         Brodowicz Jack Walter    1130
 Brokaw Brett C           1310         Brooks Jordan Christian  1110
 Brose Lily Marie         1170         Brown Alexander S        1310
 Brown Alexis Justice     1110         Brown Keneisha L         1110
 Brown Marcus Power       3100         Brown Paul J             1110
 Brown Robert Alexander   1110         Brown Terry Lee Jr       1320
 Brownd Jory S            2900         Browning Michelle Starr  1110
 Bruno Nicholas James     1120         Brutkiewicz Marlin Slate 1130
 Bryant Cameron Dwaine    3100         Bryant John Richard III  1320
 Buis Joseph T            1310         Bullen Harry Stafford IV 1110
 Bumgarner Margaret A     1110         Burke Stanley A          1120
 Burke Tyrell J           1110         Burleson Taylor K        1110
 Burlingame Brian Allen   1310         Buskill Peter G          1110
 Bustos Abigail Anne      1310         Butler Kara Victoria     1110
 Butts Michael C          3100         Byrne William E          1110
 Cajandig Cecilia G       1170         Caldwell Katheryn A      1110
 Calicura Francis Nicola  1120         Callahan Brian P         1110
 Calloway James Andrew    1310         Camaliche James Raul     1310
 Campbell Gyneth          1110         Camuti Daniel Joseph     1110
 Cano Ross Michael        1310         Capobianco Lowell V      1110
 Carey Bridgid E          1390         Carey John T             1800
 Carmody Francis J IV     1390         Carr Christopher Devin   1110
 Carroll Patrick L        1190         Casmey Kyle Robert       3100
 Cass Calvin Lee Jr       1110         Castro Miguel Angel Jr   1170
 Castro Victor Jesus      3100         Cattano David V          1310
 Cavin William Addison    1810         Cavins Richard Wayne     1310
 Chama Sarah Shea         1110         Channell Audrey Jane     1310
 Charalambous Anna C      2900         Chase Matthew Nathan     2300
 Chau Minh Bao            1810         Chen Zhuoying            1110
 Cheneler Peter Joseph    1110         Cherkes Jake D           1120
 Chernin Samantha C       1110         Chmura Daniel Patrick    1810
 Cho Yongsung Andrew      1310         Chuang Erica E           1820
 Chung Woojin             1110         Ciocco Samuel David      1120
 Clair Mackenzie M        1110         Clark Claire May         1310
 Clark Michael Anthony    1320         Claudy Sarah K           1160
 Cleary Mitchell G        1110         Clements Brendon Imere   1200
 Co Nicholas Knight       1810         Coale Dillon L           1310
 Cochrane David Matthew   1310         Coen Andrew Brian        1320
 Coffey William Allen Jr  3100         Coia Cassandra Marie     1110
 Colabrese Timothy P      1190         Cole Jeremy M            1110
 Coleman Matthew J        1110         Collins Eric Thomas      1120
 Collins Erin Candace     1950         Collins Gabriel Shawn    1110
 Colville David A         1310         Combs John M             1130
 Condie Sarita Jo         1110         Condon Sean J            1170
 Conley Brandon N         1120         Consiglio Amy Leigh      1110
 Cook Evan T              1310         Cook Timothy J           1320
 Coons Samuel Warwick IV  1120         Cope Morgan Avery        1200
 Copeland Blake Alexander 1310         Corbin Cordell P A       1310
 Corcoran Mary K          3100         Cordan Mackenzie S       1310
 Cordova Micaela Marie    2900         Corkery Mark Spencer     1110
 Cornett William H        5100         Correa Jason M           3100
 Costes Sophia Elizabeth  1110         Couch Alexander Michael  1310
 Coughlin Christopher M   1800         Coughlin George Joseph   1310
 Cowen Christopher M      1310         Coyne Daniel Patrick     1110
 Crabdree Akira M         1110         Craig Brendan M          1310
 Crans Charles Alexis III 1190         Crawford Benjamin Hunter 1170
 Cremer Brandon Harris    6200         Crone Clyde C            1110
 Crowley John B III       1110         Crucian Jacob W          1320
 Cruess Sean M            1120         Cruvant Barry S          1120
 Cruz Laura Isabel        1110         Cuadra Fremmy A          2900
 Cuddy Taylor Michael     1110         Cuellar Kevin A          1390
 Cully Brian Patrick      1170         Cully Nicholas B         1170
 Cummings Hana K          1110         Curry Daniel G           1310
 Curtis George C          1120         Czerewko Olivia Christin 1310
 Dahlman Julianne E       1110         Dakis Howell B           1110
 Dale Tyler J             1120         Daniels Ryan             1310
 Danielsvassallo Michael  1110         Danylchuk Patrick        1170
 Dardaris Zachary W       1170         Darrah Jacob Christopher 1110
 Daus Jonathan Jerald     1460         Davids Scott Bradley     1310
 Davis Aaron L            1170         Davis Benjamin John      1120
 Davis Joel Macfarlane    1310         Davis Jordan E           1310
 Davis Neil L             1310         Dawson Henry Riggs       3100
 Debenham David H         1170         Decort Robert F Jr       1110
 Dedo Christopher J       1310         Defazio Nicole Elizabeth 1110
 Degabriele Robert A      1120         Dejesus Jose Ricardo     3100
 Dejong Carmen Maria      1110         Dejong Morgan William    1120
 Delacruz Alana Renee     1820         Deleon Nikkabianca T     2900
 Delgado Jose L II        1810         Delony Brooke Erin       2300
 Delucia Patrick A        1120         Demery Breanna           1110
 Dengler Norbert J        1110         Denner Devon A           1110
 Deperalta Gabriela C     1110         Deterding Nicholas J     3100
 Devey Dennis Matthew     1110         Diamond Trevor Davis     1820
 Diaz Luisandrea Herrera  1110         Dilleumber Nicolas David 1110
 Dimalanta Joshua G       1800         Dinelli Alexander Koji   1310
 Dipaola Jordan Louis     1310         Dizon Joymichelle Deleon 2900
 Do Kim Anh               1820         Do Nhat Minh             1120
 Doan Michelle Yenlinh    1110         Dodane Alex Michael      1110
 Dodd Hunter R            3100         Dodd John Tylor          3100
 Dodge Buster Beaumont    1310         Doherty Ethan William    1120
 Dolan Robert Thomas      1320         Donahoe William C        1120
 Donahue Christine M      2900         Donahue Collin Joseph    1810
 Donofrio James Michael   1170         Donohue John A           5100
 Dotson Justin William    1110         Douglas Samuel S         1310
 Dove Brady Ray           1130         Dowling Peter Sebastian  1110
 Dunham Nathan T          1310         Dunigan John F           1310
 Durkin Zachary J         1830         Earney Haruka Johnathan  1310
 Eastburg Matthew Steven  1310         Edmondson Nicole Elan    1820
 Edwards Nicole Anne      2900         Edwards Sean A           1110
 Ehrenberger Peter Andrew 1130         Eichin Corey J           1310
 Elliott Hannah L         1310         Ellis Joel Orlando       2900
 Ellis Joseph Lyons       1110         Embrey Walker C          1170
 Emery Edward Fritz       1310         English Nicholas R       1170
 English Sarah J          1110         Erlemeier Payton G       1110
 Esaki Troy Yun Choy      1120         Escoe Sydney M           2900
 Eslinger Karla Marie     2300         Espe David Santos        1320
 Evans Alexander Scott    1170         Evans Christopher Oliver 1310
 Evans George A           1110         Everts Paul J            1110
 Evertson Brian Alan      1310         Evertson Kelly Elizabeth 1310
 Ewings Jaeda Breanna     2900         Fahan Peter N            1310
 Fajardo Bernard A M      1520         Falconi Nicholas Carl    1120
 Faris Philip L           1390         Farley Clayton           1310
 Farley Steven R          1320         Farnoly Joseph M         1110
 Farrell Aidan Arthur     1310         Fast Eric D              1310
 Fedors Jenna Sue         1110         Feldman Rachel Ardine    1110
 Felipe Mallory M         1110         Fennell Christopher J    1310
 Fennell Christopher R    1110         Fenton William David     1830
 Ferley Alec D            1310         Fewel Nathan James       1170
 Filio Nicolas A          2900         Fisk Brandt P            1310
 Fitzgerald Joseph Christ 1170         Flack Kyle B             5100
 Fletcher Rixon Andrae    5100         Flynn Alison L           1110
 Fogolin Paul Jeremiah    3100         Fohey Daniel James       1310
 Fong Zachary Ryan        1320         Fontana Robert J         1110
 Foppe Lucas Ronald       1840         Forbush Christian A      1310
 Ford Jessika Lynn        1310         Ford Lucinda Marie       1170
 Ford Terry Alexander     1310         Forristall Sam Houston   1310
 Foster Amy Elizabeth     1110         Foster Patrick R         1320
 Foster Sean Michael      1820         Fosu Cecilia Akua        2900
 Foust Julia Claire       1830         Fox John H IV            1390
 Franklin Blake Ernest    1110         Franklin Michael S       1110
 Fraser Racine Christiane 2900         Frechione Scott Kuan     1820
 Freeburger Tristan Riley 1170         Freel Jonathan Thomas    1120
 French Caroline E        1110         Fujisaka Kai J           1310
 Fuller Dustin Mikal      1110         Fullilove Trey M         1110
 Furleigh Brooks R        1810         Gahres Donald E          1390
 Gainey Nathan James      1310         Galloway Brendan J       1120
 Ganas Spencer Theodore   1110         Garcia Keanna R          1110
 Gardella Vincent A       1310         Garduno Shane Jeremy     2300
 Garvey Austin M          1110         Gatbonton Mariel Sabado  6510
 Gathright Joshua C       1520         Gay Raydell D            1310
 Geiger Robert Edward     1390         Gentile Brett Michael    1110
 Gentile Joseph Vincent   1120         Gerszewski Rose Irene    1110
 Gibson Scott Matthew     1110         Giddings Samuel L        1110
 Gilbert Brandon Paul     1310         Gillcrist Hanna Therese  1310
 Gilmore Daniel Wayne     1170         Glavy Ryan M             1110
 Glickman Jessica D       1110         Golabek Joel D           1170
 Golembieski Joseph Peter 1830         Gomez Daniel Francisco   1310
 Gomez Hugo Baird         1170         Gontcharova Iana O       5100
 Gonzales Conlee J        1110         Gonzalez Christian       2900
 Gonzalez Giovanni J      1320         Gonzalez Stephen V       5100
 Goodrich Benjamin D      1310         Goodwin Jacob Tyler      1310
 Gordon Kameek Sidon      6510         Gorman Thomas A II       1830
 Gorrick Nelson Elliot    3100         Gough Patrick Farrell    1320
 Graham Beau A            1120         Graham Trevor Kingsley   1120
 Grant Andrew James       1310         Grant Phylicia Ann       2900
 Grantjohnson Daniel M    1310         Grasso Michelle Victoria 2300
 Gray Emma E              1110         Gray Ryan Michael        1310
 Green Christy Elizabeth  1310         Greer Michael Edward     1120
 Greger Matthew Caravone  1110         Greggs Brian Evan        1310
 Greggs Elizabeth Anne    1120         Gregory Liam Gayle       1310
 Griffin Jacob Dean       1120         Grimmke Anne E           1110
 Gross Foster Kette       1830         Groves Thomas Byron      1120
 Guina Adeline Chua       2900         Gurung Vardaan L         1220
 Gustafson Micah Zachary  3100         Guyer Nathan R           1190
 Hachmeister Jared M      1320         Hafeza Ronny Y           1390
 Hager Elizabeth A        1310         Hahm Chang Dae           1320
 Hairr Shelby Danielle    1320         Halbach Summer Adele     1110
 Hall Ericka Geomaira     2900         Hall Zachary Taylor      1110
 Halliburton Luke Joseph  1130         Halpin Joseph Marvin     1310
 Halverson Ellen G        1120         Hands Alyson Rose        1650
 Hanlon Edward A S        1170         Hanlon Hyrum J           1310
 Hansen James Edward      1130         Hansen Lloyd Forrest     1130
 Hantla Keith Philip      1120         Harbeson Alexander Grate 1110
 Hardy Brian Michael      1810         Harlow Matthew Taylor    1120
 Harman Ryan John         1130         Harper Bronwyn Anne      1110
 Harrell Destiny Janelle  1110         Harrigan Matthew P       1190
 Harriott Kassandra G     1110         Harris Christopher S     1310
 Harris Jordan Kiyoshi    1110         Harris Molly Rose        1800
 Harris Steven Alexander  1310         Harrison Benjamin Samuel 1310
 Harrison Kristen Lorrain 2900         Hart Levi Thomas         2900
 Hart Nicolas Dale        1170         Hart Taylor Marie        1320
 Hartman Anna Laurey      1170         Hartman Ansel R          1170
 Hartman Megan Elizabeth  1120         Hartsough John N         1310
 Harvey Bryan Edward      1320         Hastings Jacob Nikola    1310
 Hathaway Jacqueline L    1110         Hathaway Johnathan Andre 1820
 Hawbaker Olivia Jeanne   1320         Hawkins Jonathan Grant   1310
 Hayes Lauren Noelle      2900         Hayne Andrew J           1110
 Haynes Devin A           1110         Heidemann Kurt A         1120
 Heidt Susanna Zhiwei     1110         Heller Kelsey Quinn      1110
 Henderson Jeremy Pete    1120         Henderson William Danver 1110
 Henry Jonson Luke        1110         Henry Katherine E        1310
 Henson Fletcher Laird    1170         Herbert William Field IV 1120
 Hernandez Cindy          2300         Hernandez Rozel Asuncion 1110
 Herrera Monica Morris    1110         Hetherson Steven R       1310
 Hicks Brandon Jamaal     3100         Hicks James F            1120
 Hicks Kenneth Austin     1170         Hill John H              1320
 Hill Ricky G             1310         Hilton Seth W            1170
 Himlin Cory A            1310         Hinchey Sean P           1110
 Hinkley Callie K C       2900         Hirst Michelle Mccollum  1110
 Hodges Kristie D         1110         Hodges Sean M            1110
 Hodsden Jacob R          1160         Hoeffner Kenneth G       1190
 Hoerning Luke A          1310         Hoffman Michael Stephen  1120
 Hoffman Patrick J Jr     1310         Hoffner Benjamin M       1110
 Hogge Brandon T          1130         Hogge Tyler P            1130
 Holcombe Judson Bray     1170         Holder Kevin Patrick     1130
 Holland John R           1310         Holloway Alexander G     1310
 Holt Anders W            1110         Hong Young Seok          1200
 Hook Kareem Anthony      1110         Hornsby Kara K S         1830
 Houben Christopher W     1310         Hovenden Evan Scott      1310
 Howard Megan Carol       1310         Huaman Diana A           2900
 Hubbs Ryan J             1310         Huber David James        1110
 Hubley Meghan Cameron    1110         Hudgins Nicole Marianna  1110
 Hughes Christopher D     1120         Hughes Hannah Marie      1310
 Hunley Alexander Malachi 1120         Hunt Marcus Clay         1120
 Huntley Nicolette A      1110         Hurley Dane Johnathon    1830
 Hussain Sijad            6330         Huynh Jason B            1310
 Insernipagan Manuel      1310         Jabaley Michael E        1310
 Jackman Miranda M        1800         Jackson Chatwin Mabry IV 1310
 Jackson Meadow J         1830         Jacobs John K            1110
 Jacobsen Christopher L   1310         Jacquier Hannah E        5100
 Jamison Josh H           3100         Jan Kaitlyn Maurine      1310
 Jana Krishna Kumar       1390         Jaunich Christian Andrew 1110
 Jencyowski William J     1310         Jennings John L          1310
 Jensen Eric L            1310         Jensen Jared Andrew      1310
 Jeon Yongjin             5100         Jepsen Joshua A          5100
 Jernigan Jefferey A      1310         Jeter Wilson D           1170
 Jevitt Andrew Paul       1110         Johnson Coral Jelena     2300
 Johnson Hannah Marie     2900         Johnson Kara M           2900
 Jomp Austin Brian        1310         Jonas Daniel Charles     1110
 Jones Benjamin W         1390         Jones Brody Gryffin      1830
 Jones Evan Anthony       1320         Jones Hunter A           1310
 Jones Samantha J         1160         Jones Sara Christine     1110
 Jones Sherrie Maseria    2300         Jones Susumu Kevin       1120
 Jongeneel Kevin Bruce    1810         Jordan Sean T            1110
 Jordan William Greer     1110         Jung Morgan Elizabeth    5100
 Kahn Parker L            1310         Kaminski Jessica M       1110
 Kaminski John S          1110         Kaminski Katheryn Pierce 1110
 Kapfhamer Adam C         1320         Kappaz Michael F         1120
 Karlova Yana D           1310         Karnick Lucas D          1170
 Kasberg Daniel John      1130         Kasturas Matthew P       1120
 Katafiasz Benjamin C     1300         Kavanaugh Sean P         1170
 Kearney Lauren G         1110         Keck Justin Sullivan     1310
 Keegan Benjamin Patrick  1170         Keeler John A            1310
 Keels Shaquil Devante    1110         Keenan Liam O            1170
 Kelley Grant Brian       1110         Kelly Andrew M           1110
 Kelly Andrew Martin      1310         Kelly Michael Kai        1310
 Kelly Ryan W             1310         Kelso Robert Henry       1120
 Kennedy Ashanti Nia      1110         Kennedy Brian Keith      1310
 Kersey Mark Y            1120         Kesthely Tyler J L       1110
 Ketola James Alexander   1830         Kettle Kasey R           1310
 Keusch Brian R           1160         Keyhea Frederic          1820
 Keys Yasmeen B           1110         Khiar Iman Mussa         2300
 Kiddy Brian W            1120         Kiehnau Andrew Madigan   1170
 Kilian Theresa S         1110         Kim Andrew Gibeom        1120
 Kim Juni                 1110         Kim Justin S             1220
 King Anastasia R         1310         King Chandler Frederick  1190
 King Danielle Momo       1140         King Ethan Michael       1830
 Kinnear Katherine Ann    1830         Kinsley William S        1170
 Kipilii Taylor H         1110         Kirchmer Kevin Thomas    1130
 Kistner Kade W           1300         Kitterman Jordan Lee     2900
 Klein Jacob M            1310         Klein Reilly Joseph      1110
 Klimisch Collin David    2900         Kline Andrew M           1120
 Kloszewski Anthony P     1110         Kluesner James A III     1110
 Knoch Sierra Nicole      1110         Knott Grant F            1810
 Ko Colby Samuel          1170         Koberl Stefan J          1170
 Koch Brendan J           1830         Koch William J           1110
 Kochanski John J         1310         Kocsis Jacob Alexander   1830
 Koesarie Anastasia N     1110         Koltes Brandon Taylor    1310
 Koppel Michael Alexander 1810         Kotov Dmitriy            1170
 Kozak Margaret Marie     1120         Kozlosky Dane Francis    1110
 Kozlow Terry J           1110         Kraft Brett Edward       1320
 Krajnik Alyssa A         1110         Kramer Lukas E           1310
 Krause Isabel Kristina   1120         Krause Kelley N          1110
 Kruger William P C       3100         Krumholz Bridget E       1110
 Kuenzle Robert J         1130         Kuhn Nathan A            1110
 Kujawski Jarrod Ryan     1120         Kulas Philip M           1130
 Kumar Ruthvik Anil       1310         Kunnath Chelsea Mary     2900
 Kurgan Emma M            1200         Kurke Austin Irving      1130
 Kwasnik Michael J        1390         Labbe Michael A          1110
 Laboy Bryan Anthony      1120         Lacroix Walter Alexander 1170
 Ladner Lauren L          1390         Lafondfavieres Joshua K  1120
 Laframboise Ty Thomas    1170         Lafrancois Christopher M 3100
 Lally John E III         1310         Lam Anhkhoa Nguyen       1320
 Lane Samuel Lee          1210         Lange Madison L          1320
 Lankford Sarah M         1310         Lapahie Courtney Alexis  1110
 Lapointe Wyatt William   1130         Larios Gabriel R         1310
 Larkin David Douglas     1110         Larkin Hannah Jane       1200
 Larosa Alyssa Nicole     1650         Larsen Clayton Alexander 3100
 Lasala Matthew C         1170         Lassen Renee E           1390
 Latham Allison Shea      1110         Lavachek Christian M     1310
 Lavin Patrick J          1310         Le Ryan Mitchell         1310
 Leahy Danielle S         1110         Leavitt James Robert     2900
 Ledbetter Dexter Wayne   1110         Leddy Robert William     1120
 Lee Alan Jungmin         1200         Lee Francis Hyunsoo      1110
 Lee Jared W              1320         Lee Jordan Jill          1120
 Lee Lucia Sol            1320         Lee Nobah                1820
 Leech Patrick Michael    1130         Lefevre Scott J          1320
 Lemay Daniel James       1310         Lembo Matthew George     1800
 Lemmon John Dane         1130         Lennon Caleb Aaron       5100
 Leonard Christopher M    1310         Lepage Paul D            1320
 Letson Jacob Thomas      1310         Lewaniak Amelia Grace    1110
 Lewis Destiny M          1820         Lewis Honey Mae          2900
 Lieto James Anthony      1110         Lieu Augustine C         5100
 Liew Keen Seong          2300         Lima Kevin Philip        3100
 Lin Jeffrey Ching Dar    5100         Lin Jonathan Henyi       3100
 Lindman Katherine Anne   1110         Lipscomb Brian Austin    1310
 Liu Yixuan               1200         Lively Trevor Wayne      1390
 Lloyd Jordan S           1170         Lockard Emily Sothomear  2900
 Logan Corey A            1110         Logazino Richard Matthew 1120
 Long Andrew Rustad       1310         Long Meng Yu             1300
 Long Michaela A          1390         Lonsdale Zachary Paul    1830
 Lopez Juan D             1110         Lopez Sara Marie         1320
 Losinski Jacob L         1320         Lotito Derek J           1170
 Lotthowton Chad A        1310         Love Rachel              2900
 Lovejoy Benjamin R       1220         Lowder Sean P            1220
 Lowry Phillip Edward III 1120         Loy Joseph Griffith      1110
 Luco William Scott       1120         Luk Justin M             1390
 Lumley Anita S           1110         Lynch Kelsey A           1320
 Lynn Kurt C              1170         Lyster Stuart M          1310
 Lyvers Megan Marie       1800         Maas Brandon Phillip     1120
 Mackaman James C         1120         Macklin Catherine Marisa 1110
 Madan Evan B             1170         Madigan Michael Francis  1310
 Madison Decarveus G      6360         Magallon Justinrobert P  1310
 Magarian Mitchell Dean   1310         Maginniss Christopher    1110
 Magno John P             1110         Maier Corey Patrick      1320
 Main Jack Scott          1190         Malinak Brandon M        1310
 Malong Christine L       1110         Manarin Garrett B        1810
 Mancy Gabrielle F        1110         Mandaville Lauren R      1110
 Mangan Aine C            3100         Mangiagli Elisabeth J    2900
 Mann Derek Anthony       3100         Manuel Natasha C         2900
 Mapa Jason Luab          1310         Maranto Joseph Evan      1310
 Mariduena Roxana Stefani 2900         Markowsky Dominique A    1110
 Marmolejo Christopher A  1200         Marquis Benjamin D       1310
 Marquis Samuel M         1110         Marroquin Roberto A      1820
 Marshall Alexander J     1170         Marshall Nathan Butler   1310
 Marshburn Robert Lewis   1120         Martin Conor B           1310
 Martin Jaime Louise      2900         Martin Paige Rutkoske    1310
 Martin Shane E           1310         Martinez Lizeth Abigail  1110
 Mason Courtney Lee       1310         Mason Madison K          1110
 Mason Matthew D          1110         Mata Alejandro M         1110
 Mathiason Allison R      2900         Matteson Althea Deann    2900
 Matthei William C        1320         Mauldwin Dennis James    1170
 Mauro Christine Anita    2900         Mauro Julia Rachel       2900
 Mautino Nicole G         1310         Maxwell Michael Travis   1310
 Mayberry Catherine Ann   2300         Mayberry Joshua Charles  1310
 Mayor Bryce A            1110         Mcauliffe Molly Jo       1110
 Mcavey Aaron Nash        3100         Mccarthy Garrett S       1110
 Mccoy Colleen M          1220         Mccullagh Hayes Patrick  1310
 Mcdaniel Stuart Aaron    1320         Mcdarris Jesse M         1120
 Mcdavid Andrea Rose Anne 1110         Mcdonald Annie M         1310
 Mcgee Brendan A          1130         Mcgee Brian C            1310
 Mcglasson Oscar P        1110         Mcgovern Colleen P       1110
 Mcgowan Brian Patrick    1110         Mcgranaghan Courtney N   1110
 Mcguckin Molly Katheryn  1310         Mckay Carl Thomas IV     1170
 Mckelvey Kevin Graham    1310         Mckinley Matthew R       1170
 Mclauchlan Robert Connor 1830         Mclaughlin Margaret E    1110
 Mclaurin Berl Duncan     1170         Mcmahon Ryan P           1310
 Mcmasters William C J    1310         Mcmillan Alec John       1170
 Mead Christopher D       1110         Meadows Tanner J         1310
 Medina Sarah Patriarca   2900         Medlin Kyle M            1310
 Medlin Lonnie A          1120         Mehan Maureen Ann        2900
 Melton Jacob D           1170         Meltzer Matthew Evan     1110
 Mendez Amber Lynn        1110         Merski Luke A            1170
 Mestre Alberto Francisco 1110         Metcalf Brendan John     1110
 Metcalfe Phillip Thomas  1170         Meyer Charlotte Robin    1110
 Meza Jose Emmanuela      6130         Michel Samantha Clare    1320
 Michel Zachary Michael   1310         Mickelson Austin Matthew 3100
 Mihu Stephanie Alyssa    2900         Mijares Bryant Solis     1110
 Milchuck Kyle J K        1110         Miller Alexander James   2900
 Miller Caleb H           1110         Miller Chace Michael     1830
 Miller Clara Julene      2900         Miller Jacob Thomas      2300
 Miller Joseph A          1310         Miller Matthew R         1310
 Miller Max Logan         1310         Miller Patrick W         1170
 Millerchong Marla M      2900         Mills Jonathan J         1320
 Millsmcgee Dejah Achsah  3100         Mincey Rachel D          1320
 Minnich Nicholas L       1120         Misch Kristofer Illorde  1110
 Moak Hunter K            1110         Mock Amanda Elise        1320
 Moeller Matthew C        1110         Moens Troy A             1110
 Moffitt Allison May      1390         Moffitt Cody M           1310
 Molina Mikala Nikole     1110         Mollner Duncan C         1190
 Moloney Meghan Michelle  1310         Moncayo Maria J          2300
 Monette Conner Jared     1170         Montano Melissa L        1110
 Montehermoso Ramon C     1130         Moon Vincent Elias       1830
 Mooradian Michael S      1130         Moore David J            1110
 Moore Dionnah            1820         Moore Madeleine Kateri   2900
 Moore Micah C            1310         Morales Stephanie        1110
 Moran Alexandra Hiller   2900         Moreira Felippe C        1110
 Morgan Kristoff J        6130         Morgan Miguel Toni       2900
 Moriarty Bridget Marie   2900         Morrell Olivia Joyce     1800
 Morris Nicholas Thomas   1310         Morrison Joseph P        1520
 Morrison Robyn E         1310         Mouat Ryan W             1310
 Moynihan Kaitlan Ann     1320         Mueller Brandon C        1110
 Mugno Joseph A           1130         Mui Ryan Gian Meun       1170
 Muldoon Thomas E         1110         Mullen Daniel George     1310
 Mulloy Connor Andrew     1130         Mulvaney Hunter W        1310
 Munson Matthew R         1820         Munzner Kristen Taylor   2900
 Murickan Jobin G         1310         Murphy Jackson W         3100
 Murphy Joshua T          1310         Murphy Jules Anthony     1390
 Murphy Molly E           1310         Murray Allison Brooke    1110
 Murray Joseph Edward     6200         Murray Shaun S           1120
 Myong Erin               1110         Na Hyun Kyoung           2900
 Nair Nikhil              1310         Nam David Yoohyun        3100
 Nantz Sarah Margaret     3100         Nash Andrew M            1110
 Nason Matthew Russell    1320         Navarro Clara Elizabeth  1650
 Nelson Austin John       1310         Nelson Richard E IV      1320
 Nesius Anthony R         1320         Neubert Adam R           1170
 Newkirk Marie A          1110         Newman Jamieson P        1120
 Nguyen Hoang             1170         Nguyen Jennifer Dianne   1110
 Nguyen Tee               1800         Ni Oliver Xingyuan       1310
 Nibbi Trevor Marino      1830         Nichols Tanner T         1170
 Nilsson Ray Joseph       1310         Noa Sean Michael         1190
 Nobile Emma Louise       1220         Nolan Mitchell A         1820
 Nollkamper Dustin D      3100         Nora Spencer James       1110
 Norden Nathan Aaron      1120         Norden Rachel Ann Wible  1170
 Norris Alison Jean       1110         Norton Wesley A          1200
 Nortz Benjamin William   1830         Novick Ivan W            1110
 Nunnery Lukas M          1110         Nwokike Avery C          1310
 Nyame John               2900         Nystrom Quinn T          1820
 Obermier Christopher M   1210         Obrien Wyatt W           1310
 Obryan Ian Michael       1110         Ochoa Ryan Sanford       1310
 Odekirk Khiana M         1110         Ohalloran James E IV     3100
 Ohear John W             1110         Oldfield Mackenzie T     1110
 Oleary Carter Matthew    1320         Olechowski Harte C       1310
 Olejniczak Brandon Gage  1320         Olson Gavin Lawrence     1170
 Oneil Michael R          1190         Oneill Allison H         2900
 Ongkeko Russell P        2300         Opferman Alexis E C      1830
 Orchard John Scot        1110         Oreilly Michael T        1170
 Oristian Peter J         1310         Orlovskiy Ignatiy        1110
 Orlovskiy Morgan Lange   1110         Ortizcenteno Jorge A     5100
 Ossing David H           1310         Ostdiek Matthew R        1110
 Pagliai Brian Richard    1830         Pajarillo Brian Suarez   1200
 Palmiotto Charles P      1310         Palombella Laura J       1110
 Panchevre Daniel Maya    1110         Pantuso Steven James     1110
 Papet Blake Neville      1120         Park Sarah Peterson      1830
 Park Saul                1310         Park Shawn Jeongwook     1320
 Parker Cody Lawrence     1110         Parker Emily Margaret    1110
 Parkhill Ian E II        1390         Parrott Jacob D          1310
 Parsons Samuel C         1320         Partlow Jack Liam        1310
 Pascua Earl Umerez       1110         Pate Kyle Van Horn       1110
 Patnode Christopher M    6120         Pattullo Ryan H          1310
 Paulay Samuel E          1130         Payne Scott Robert       1110
 Peacher Thomas Cady      1130         Pearrow Shari Lynn       1170
 Pearson Nathan James     1310         Pease Benjamin R         1120
 Pecor Thomas John        1310         Pecoraro Matthias Phelan 1130
 Pecsok Elizabeth Louise  1110         Pelan Cassianne M        1110
 Peled Matthew J          1110         Pellegrino Ryan C        1310
 Penney Andrew T          1310         Peplow Jackson Kohl      1820
 Perez Alejandro Gabriel  3100         Perley Conner D          1110
 Perry Christian H        1110         Perry Cody S             1320
 Perry Renee Ann          1310         Pershall Samuel Curran   1310
 Petashvili Madina N      1110         Peters Daniel G          1310
 Peterson Corey E         1320         Pettys Kyle Gregory      1310
 Peyton Cole Eli          1110         Phillips Alec H          1110
 Phillips Jacob P         1820         Phillips Stephen Michael 1310
 Phillips Tyler C         1110         Pick Nicole Andre        1320
 Pickerell Shelby L       1110         Pierce Dalton Thomas     1120
 Piersall Andrew J        3100         Pikus Natalie A          1320
 Pinckney Garrett S       1310         Pippin Brandon Travis    1120
 Piscitelli Michael E     1110         Pistacchio Jeffrey M     1120
 Pixa Chelsea Redd        1120         Poblarp Danielle Renae   1110
 Polsinelli Samuele J     1170         Pommersheim Arthur J     1120
 Ponce Jorge Armando      2300         Porter Kayla L           1110
 Porter Steven Ray        1310         Post Kyle R              1110
 Powell Kiyomi Alysha     1310         Powers James Richard     3100
 Powley Ethan S           1130         Pratt Mitchell Floyd     1820
 Prenda Dylan Costa       1830         Preston Cole Sterling    1170
 Prevoznak Benjamin Doan  1170         Price John Michael Jr    2300
 Price Katelyn Marie      1830         Price Steven Edward      1310
 Price Ted P              1310         Prickett Jacob Robert    1310
 Priftis Nicholas George  1110         Primeaux Brian Joseph    1130
 Primiano Joshua C        3100         Pruitt Russell R         1310
 Puckett Amanda L         1320         Pullig Brandon Scott     1310
 Pullum Jonathan Xavier   1110         Purdom William S Jr      1110
 Purdy Evan S             1310         Puri Naadia Savera       1310
 Putz Amanda K            1820         Qiu Sijing Yang          1110
 Quiles Karen Diana       1110         Quilliams Andrew R       5100
 Quinlan Charles Aloysius 1110         Quintana Kyle Genaro     5100
 Rader Richard Todd       1310         Radzinski Stephanie G    1120
 Rahman Rifat             5100         Ramos Amyra Gelz Santos  2900
 Ramzi Nicholas Francis   1320         Randell Alyssa Danielle  1320
 Ransom Taylor J          1170         Rasmussen William D      1310
 Rastovac Alexander M     1160         Rauenhorst Joseph R      1310
 Raves Andrew John        1120         Ray Elijah R             1800
 Raymond Anna Rose        1310         Reed Justin Eric         1110
 Reed Tyler R             1170         Rees Matthew Thomas      1110
 Reid Thomas W            1310         Reiddixon Jarred Richard 1650
 Relias George N          1310         Remias Leland A          1110
 Renn Tyler J             1110         Reyes Victoria Ann       1110
 Reynolds James Edmund    1120         Reynolds Nina Sophia     1830
 Reynoso Manuel           6510         Ricard Aidan Thomas      1110
 Richards Garrett E       1110         Richardson Alexander S   1830
 Ricke Major Jackson      1110         Riggins Chadwick Thomas  1810
 Riherd Thomas M III      1110         Ringwall Kristen N       1110
 Riordan Dylan Frank      1830         Riordan Joseph P         1110
 Ritterbeck Kyle Nicholas 1170         Rivas Jorge Heriberto    1110
 Robbins Amanda Cheyenne  1120         Roberts Cole P           1110
 Roberts Joseph Daniel    1170         Roberts Patrick Ryan     1190
 Roberts Peyton Huneycutt 2900         Roberts Samantha Nicole  1110
 Robertson Alexander T    1130         Robertson Helen Carolyn  1110
 Robertson James M        1170         Robertson Mary Harden    1110
 Robinson Daniel John     1310         Robinson Jalen Shaquille 1110
 Rodgers Peter L          1110         Rodriguez Emily J        1110
 Rodriguez Giovanna P     1110         Rodriguez Ivan Omar      5100
 Rodriguez Luis N         1830         Rodriguez Sara Xiomara   2300
 Rogers Sawyer Johnson    1130         Rogers Taylor A          1120
 Rolfe Graeme A           1120         Rolince Christopher L    1310
 Romero David R           1110         Romine Dishan            1200
 Rooney Elizabeth C       1800         Rooney Patrick A         1130
 Rooney Thomas S III      1830         Rose Bradley A           1120
 Rose Jacob Isaac Corpuz  1800         Rose Neal R              1310
 Rosenberger Megan Marie  1830         Rosenthal Robert A L     1170
 Rosete Ian Ortega        1310         Roshetko Regan K         1110
 Ross Donald Yoshihiro    1310         Ross Michael Joseph Jr   1170
 Rossi Zachary J          1120         Rottier Michael Richard  2300
 Rowe Garrett M           1110         Rowe Thompson A          1310
 Rubin Julia G            1110         Rubio Cristal N          1110
 Ruby Harrison R          1830         Ruck Erin Kelly          1830
 Ruck James S             1390         Ruiz Joshua I            2900
 Rusiewski Dennis Anthony 3100         Russell Brandon Justin   1120
 Russell Daniel Lundy     1820         Ryall Katherine E        1110
 Ryan Ian Power           2900         Ryan Rebecca L           1310
 Rydalch Wilson Leroy     1170         Sabatini Stephen Michael 1310
 Sabin John William       2300         Sadler Drake Alden       1320
 Saffell Daniel Loren     1210         Saile Leland Joseph      1310
 Sakach Mikaela Danica    1320         Saker George Joseph      1390
 Sakkalaek Ashelynne H    2900         Salgado Guelmi Janer     1320
 Salk Grant A             1390         Salvato Megan Nicole     2900
 Samaha Brody Patrick     1310         Samaniego Gabriel Romero 1310
 Samario Harrison Pierce  1110         Sanabria Austin A        1310
 Sanchez Luis D           1110         Sanchez Pier Stefano     1820
 Sanders Alexander D      1110         Sanderson Aaron Michael  1310
 Sanpedro Leocarlo Kibic  6180         Santinherrera Armando J  1110
 Saporita Katie A         1110         Sarao Anastasia Lee      1110
 Sarao Christopher J Jr   1110         Sathre Ralph Mitchel     1310
 Satizabal Shelly Lynn    2300         Satterlee Nicholas Alan  1310
 Sauter Kaitlin Johanna   2900         Sax Chase Webb           1390
 Saya Wayne Paul Jr       1110         Sboray Ashly G           1110
 Schabdach Jonathan Tyler 1130         Schaff Kyle Loxley       1170
 Scheckles Jacqueline L   2900         Scheiner Bradley David   1310
 Schley Carol A           1110         Schmid Brian F           1110
 Schmidt Ayrissa Breayel  1110         Schmidt Briana Lindsey   1110
 Schopf Theodore M II     1320         Schraub Johnathan G      1120
 Schreiber Kevin M        1110         Schultz Brandon John     1130
 Schuster Grant James     1110         Schwartz Evan M          1110
 Schweitzer Matthew S     1120         Schweizer Brin M         1110
 Schwering Erick Anthony  1310         Sciarrilla Colbyjay F    5100
 Scigliano Austin E       5100         Scott Kenneth P          1830
 Scrudato Michaela        1830         Scully Mary Cathryn      1310
 Seals Jeanelle Carmen    1110         Sears Stephanie Paige    2900
 Segall Peter Lewis       1830         Segovia Narce Dalia      2300
 Segreti Nicholas         1310         Seiffert Julie Candau    1170
 Seitzmcleese Roy Wallace 1320         Serbent Mark Patrick     1120
 Serrano Alondra E        1820         Sever Zackary E          1310
 Severs Michael E         1310         Sewell Angelica Michelle 1110
 Sewell Dylan Wade        1310         Shackleford Dustin Tyler 1110
 Sharma Arjun             1320         Shaw Thomas Ryan         1120
 Shawler Jacob R          1110         Sheehan Naomi Marie      1110
 Shelton Aesa A           1110         Shelton Peter C          1310
 Shepard Stephen Blake Jr 2900         Shepardson Gregory M     6120
 Shepherd Clayton T       1110         Sherman Elexa Drew       2900
 Shifflet Monica C        1320         Shifflet Natalie J       1110
 Shiiba Mark              1110         Shoaphall Arielle Taiyse 1110
 Shofestall Samantha J    1110         Shook Alexander Lee      1310
 Shows Ryan Michael       1130         Shropshire James Trevor  1170
 Shrum Gregory Dean       1110         Shu Rosa Sunny           2300
 Shutack Timothy Cheston  1310         Shyne Aislinn Probst     1110
 Shyne Nicolas Andrew     1820         Sigala Jaime R           5100
 Silveria Conner B        1120         Simeone Andrew R         1110
 Simmons Christopher T    1110         Simpson Jeremy L         1310
 Simpson Joseph James     1110         Simpson Kelsey A         5100
 Sims Michael N           1310         Sims Thomas A            1120
 Sims Travis Alexander    1110         Sisler Sydney Ayn        1110
 Skinner Alex M           1120         Skinner Amanda L         1110
 Skinner Wardlaw E        1170         Skoda Charles J          1310
 Slaughter Brittany N     1310         Slusarczyk Nathan T      1110
 Smaldino Mario Leo       3100         Smaldino Massimo Lou     3100
 Smallberg Michael Alan   1110         Smart Daniel Robert      1110
 Smart Garret Wayne       1310         Smart Katherine M        1110
 Smeilus Luke Anthony     1110         Smith Andrew C           1110
 Smith Anthony N          1310         Smith Caleb D            1110
 Smith David James        6180         Smith Gabrielle Alyssa   1110
 Smith James Alfred Jr    1130         Smith Max Medwedeff      1130
 Smith Paul F             1810         Smith Samuel H           1310
 Smith Tago Aaron Keoni   1110         Smith Zachary G          1310
 Smutny Matthew S         1310         Snell Raymond Justyne    1110
 Snow Kirsten Janel       2300         Snow Patrick Brigden     1190
 Snow Scott D             1130         Snyder Andrew William    1310
 Snyder Sheldon C         1320         Soen Sydney M            1110
 Sollenberger Nicholas P  2300         Solvik Paul David Jr     1810
 Sookoo Stefan Damian     3100         Soper Adam Richard       6180
 Spaeth Katherine C       1110         Spain Sarah Julia        1830
 Speir Ryan Clybourne     1310         Spencer Dustin Joseph    1120
 Spencer Grant            1310         Spencer Leonard K        1820
 Spero Eric Paul          1110         Spillman Kevin G         1110
 Spinaio Tanner Edward    2900         Spore Carlie Rose        1310
 Staats Dylan R           1390         Stabler Charles Ward     1320
 Stammer Mary Kathryn     1310         Standard Sean D Jr       1110
 Stanford Jerome C        1820         Stanko Casey Thomas      1190
 Stanko Erin Alexandra    3100         Stanley Ethan Miller     3100
 Stanley Quinn Robert     1310         Starcruiser Kristina M   2900
 Staresinic Evan James    1110         Stargel Evan James       1130
 Steed William Bladen     1320         Stefanski Trevor William 1120
 Steil Sean Michael       1810         Stein Erik T             1390
 Steinfels Marci Anne     1110         Steingruber Kaden John   1320
 Step Robert Lee          1120         Stephan Alexander D      1110
 Stevens Madeline Marie   1320         Stewart Samuel L         1170
 Stiff Lauren Alexandra   1110         Stockdale Eryn Nabria    1110
 Straus Samuel H          1110         Stricker Austin T        1120
 Stringer Judge L         5100         Strong Bleu Dionesio     1320
 Stroup Robert Lynn       1190         Sullivan Eileen U        1110
 Summers Adam M           1120         Susko Kathryn A          1110
 Sutton Austyn A          1110         Sutton Frederick George  1170
 Swain Myles Douglas      1110         Swegle Madeline Grace    1310
 Swegle Scott James       1310         Swenka George Jacob      1310
 Swett Justice            1110         Sylvester Liesl Jane     1110
 Szabo Miki James         1130         Tackett Kelly A          1120
 Talisse James Patrick    1120         Tallman Connor Jeffry    1310
 Tallon Michael Z         1320         Tamez Austin Ray         1170
 Tapia Daniel James       3100         Tauber Katherine Leilani 1110
 Taylor Adam Christopher  1120         Taylor Cesa Dnae         2900
 Taylor David Duane       2900         Taylor Gabriel C         1320
 Taylor Joshua R          1170         Taylor Rachel            1110
 Taylor Steven A          1320         Teel Brandon William     1110
 Tembe Ian J              1310         Tennies Clayton R        1310
 Terry Devin William      1310         Tewksbury Michael P      1110
 Theulen Scott J          1110         Thomas Rachel Lynn       2900
 Thompson Troy Maurice II 1110         Thompsonsevcik Dylan R   1120
 Tibbetts Gwendolyn Y     1310         Tibbetts Trenton James   1310
 Tokarz Erik C            1110         Torchia Joseph I         1110
 Tortorich Michael J      1110         Tossavainen David Tyler  1170
 Treat Jacob A            1650         Trevino Thomas Adam      1310
 Troup Bryan R            1390         Truong Victor Vinh       1820
 Tschida Atlanna A        1110         Tucker Emily Ann         1310
 Tucker Matthew J         1310         Tuider William Wiah Jr   1110
 Tulei Tatiana Fedorovna  2300         Tumbas Sara Kaitlyn      1310
 Turbov Trevor Louis      1310         Turner Danielle Nicole   1110
 Turner David Tate        1390         Turner Julian Raymon     1110
 Twito Nathan J           1130         Tyrrell Pierce C         1320
 Uecker August Anthony    1310         Usalis Peter J           1170
 Usmani Sami T            1310         Vachris Madison E        1110
 Valencia Jasmin A        1820         Vallanceymartinson A     1320
 Vankeuren Blake A        1820         Vanterpool Vince V II    1110
 Varela Israel            1110         Vargas Annakatrina M     1110
 Vaught Diana M           1110         Vega Corinna D           1820
 Vegacampos Omar          5100         Vegel Daniel Anton       1170
 Veloria Ma L D           1110         Vermeer Grant Scottgonza 1810
 Vicars Ethan Wade        1310         Vincent Hannah Mackenzie 1310
 Viola Alex E             1390         Vivilecchia Dante R      1320
 Vomocil Bradley Alan     1190         Voss Brett Andrew        1310
 Vossler Daniel P         1110         Vrotsos Yanni Demetrios  1310
 Wabeke Jonathan David    1170         Wachlin Noah Edward      1120
 Wade Connor John         1110         Waggoner Jacob Lloyd     5100
 Wagner Christen Whitney  2900         Wahrhaftig Haley M       1310
 Walker John A IV         1120         Walker William Murdoch   1310
 Walker William Renny     1320         Waller Abigail G         2900
 Walsh Matthew C          1170         Walter Griffin K         1310
 Walter John Robert       1110         Wang Allen Anlun         1120
 Ward Stephen James       1170         Waring Timothy Michael   1110
 Warlick Cade Wilson      1310         Warner Thomas Morgan     1170
 Washington Matthew Henry 1310         Wasmundt Levi B          1170
 Waters Mary Glennon      1310         Watkins Connor A         1310
 Weathers Daniel James    1110         Weaver Samuel Avery      1310
 Webb Lauren Christine    1310         Weber Oliver J           1390
 Weese Matthew R          1310         Weinhardt Nicholas Andre 1320
 Welker Ryan A            1320         Welsh Forrest N          1110
 Werdmolder Karlie K      1110         Wert David Allan         1310
 West Carter Ryan         3100         Westoby Katherine P      1310
 Wetherell Rebecca        1830         Weyand Lindsay Grace     2300
 Whalen Paul Miller       1170         White Andrew Gemmill     1110
 White Charles E C        1310         White Christian Paul     1170
 White Ethan Everett      1310         White John P             1810
 White Rachel E           2900         White Shawn David Jr     3100
 White Zackary J          5100         Whitehurst Kristen D     1110
 Whitfield Noah D         1310         Whitmire Logan R         1810
 Wiese Trey A             5100         Wilber Liam D            1110
 Wilhelm Amour Alexandre  1820         Wilhelm Jordan Robert    1810
 Wilks Sean M             1310         Willett Walker J         1190
 Williams Alexander E     1310         Williams Anthony C       3100
 Williams Bodi            1160         Williams Dean Jr         1110
 Williams Joshua M        1110         Williams Nathan Matthew  1320
 Williams Samuel Sumner   1390         Williamson Andrew Burt   5100
 Williamson Sean Patrick  1310         Willis Rex Jr            1110
 Wilson Thomas Jedidiah   1310         Wiltsie Ronald J         1120
 Winning Robert Charles   1130         Wirz Elena Catherine     1110
 Wirz Jacob Reed          1110         Wisdo Savannah Rebekkah  1800
 Wise Austin D            1110         Withiam Taylor S         1110
 Witkowski Brittany I     1310         Wohletz Louis Joseph     1110
 Woitena Andrew Dalton    1110         Wojciechowski Shannon F  5100
 Wolf Samuel Eliot        1170         Wolfe Khaalif Ishmael    1820
 Wolstenholme Gabriel S   1110         Wood Cooper F            1310
 Wood Jeffrey D           1830         Woodrum Garrett S        1310
 Woods Robert Patrick     1310         Woolman Jacob Lee        1170
 Wright Coleman Douglas   1110         Wyatt Nicholas John Jr   1190
 Xu Jason M               1200         Yaklin Marshall Peter    1310
 Yang James George        1170         Yang Jessicalynn Beltran 1110
 Yassuda Daniel S         1120         Yi Michael J             1320
 Young Alastair E         1390         Young Benjamin R         1120
 Young Grant Kapono       1120         Young Kaylyn Jane        1310
 Young Morgan Rebekah     1110         Young Samantha Lyn       1110
 Yri Jessica Taylor       1310         Yu Justin Albert         1170
 Yu Nina                  1110         Yusko Nicholas J         1310
 Zabolotny Amanda Nevada  1320         Zakravsky Steven Taichi  1310
 Zarkowski Matthew M      1320         Zarycki Sam G            1110
 Zdeb Andrew M            1310         Zepeda Michael Louis     1460
 Zhao Andrew Anyuan       1160         Ziebell Daniel Wolfgang  1110
 Zimmerman Frank R IV     1130         Zisselman Heidi Mills    1110
 Zuercher John            1310         Zumstein Michael James   1210
              PERMANENT PROMOTION TO CHIEF WARRANT OFFICER, W-5
                          DOR/EFF DATE 1 JUNE 2021
 Griffin Craig C          7171         Hummel Robert Lee Jr     7361
              PERMANENT PROMOTION TO CHIEF WARRANT OFFICER, W-4
                          DOR/EFF DATE 1 JUNE 2021
 Atwater Christopher G    7131         Ayalacasillas Elvin      7131
 Brenner Matthew Lee      7131         Duran Corwynn Paul       7411
 Gibbs Michael Reagan     7311         Hammond Scott Eric       7321
 Hendrickson Jeremy M     7491         Hill Joshua Arick        7361
 Lenover Stanley Leroy Jr 7321         Mancini Steven Francis   7111
 Martinez Jerrick         7331         Ottley Darrell R         7821
 Robinson James Lawrence  7821         Singleton Kaleah Lynn    7121
 Wieland Damien Matthew   7281         Woods James Anthony      7181
              PERMANENT PROMOTION TO CHIEF WARRANT OFFICER, W-3
                          DOR/EFF DATE 1 MAY 2020
 Randle Brian Oneal       7111
                          DOR/EFF DATE 1 JUNE 2021
 Alexander Conrad Michael 7821         Anderson Anthony D II    7811
 Barker William Travis    7151         Barrio Ronny             7521
 Brooks John Claude       7121         Castell Maurice Devaughn 7131
 Davis Trevor Deval       7121         Dickinson Steven Earl    7811
 Diggs Samuel Kendrell    7131         Dorsey Brandon Dell      7121
 Dowell Donnie Lee        7361         Erickson Derek Leon      7811
 Freel Donald Henry       7521         Gable Samuel Lee         7331
 Garcia John Raul III     7131         Ingersoll Jill Ann       7411
 Kanack William Jeremy    7521         Martinez Alberto Daniel  7411
 Mosquera Freddy Rafael   7331         Perry Demetrius Darnell  7121
 Roasa Ryan Seth          7821         Ruiz Angel Ramon         7821
 Salon Peter Eric         7151         Sill Sean Stewart        7811
 Trinidad Lonn Espinosa   7201         Walsh Tiffany Fern       7361
 Whitman Christopher Dale 7201

2.  If a selected officer does not decline promotion in writing
prior to the projected date of rank (noted above in paragraph 1),
that officer is considered to have accepted the promotion on the
date indicated.  An officer who chooses to decline promotion must
submit the declination in writing to COMNAVPERSCOM (PERS-806) within
30 days of the release of this NAVADMIN.  Limited duty officers
declining appointment to lieutenant will be reverted to enlisted
status within 90 days of projected promotion date.

3.  The commanding officer (CO), the Secretary of the Navy or his
designee, has the authority to delay projected promotions.  Upon the
exercise of a delay, the officer shall be notified in writing before
the effective date of the promotion, and not be tendered the
promoting appointment.  The delay authority will immediately forward
the notification of delay with supporting documentation to
COMNAVPERSCOM (PERS-83), copy to COMNAVPERSCOM (PERS-806).

4.  COs are reminded of their responsibility to ensure the officers
they are promoting are mentally, physically, morally and
professionally qualified in accordance with section 624 of title 10,
U.S. Code.  Per reference (a), officers are ineligible for promotion
if they have failed the most recent Physical Fitness Assessment.
COs shall verify the promoting officer's information in the Physical
Readiness Information Management System to ensure compliance with
reference (a), as modified by reference (b), and delay the officers
promotion in accordance with paragraph 3 of this NAVADMIN, if
required.

5.  Prepare a Delivery of Temporary/Permanent Appointment (NAVPERS
form 1421/7) (Rev 10-13).  Use this NAVADMIN as reference (a).  Use
section 624 of title 10, U.S. Code as reference (b), for permanent
lieutenants and above.  Use section 578 of title 10, U.S. Code as
reference (b), for chief warrant officers.  Use sections 624 and
8139 of title 10, U.S. Code as reference (b), for limited duty
officer promotion to lieutenant.  For limited duty officers,
acceptance of the appointment is acceptance of permanent appointment
as a limited duty officer.  Mail the completed form to COMNAVPERSCOM
(PERS-806).

6.  Officers should review reference (c) for minimum time-in-grade
requirements for purposes of voluntary retirement.  Full time
support officers and those officers temporarily on active-duty
anticipating release from active-duty under reference (d) may accept
promotion without incurring any additional active-duty obligation.

7.  New photographs are required for all officers within three
months after acceptance of promotion.  See reference (e), for
specific requirements.

8.  Released by Vice Admiral John B. Nowell, Jr, N1.//

BT
#0001
NNNN
UNCLASSIFIED//

