CLASSIFICATION: UNCLASSIFIED

ROUTINE

R 261835Z MAY 22 MID200001750780U

FM CNO WASHINGTON DC

TO NAVADMIN

INFO CNO WASHINGTON DC

BT
UNCLAS

NAVADMIN 121/22

PASS TO OFFICE CODES:
FM CNO WASHINGTON DC//N1//
INFO CNO WASHINGTON DC//N1//

MSGID/GENADMIN/CNO WASHINGTON DC/N1/MAY//

SUBJ/ACTIVE DUTY PROMOTIONS TO THE PERMANENT GRADES OF CAPTAIN,
COMMANDER, LIEUTENANT COMMANDER, LIEUTENANT, AND CHIEF WARRANT
OFFICER IN THE LINE AND STAFF CORPS//

REF/A/DOC/OPNAV/11JUL11//
REF/B/MSG/CNO WASHINGTON DC/211859ZDEC17//
REF/C/DOC/OPNAV/28FEB12//
REF/D/DOC/SECNAV/24JUL19//
REF/E/DOC/COMNAVPERSCOM/23JUL07//

NARR/REF A IS OPNAVINST 6110.1J, PHYSICAL READINESS PROGRAM.
REF B IS NAVADMIN 304/17, PHYSICAL READINESS PROGRAM POLICY CHANGES.
REF C IS OPNAVINST 1811.3A, VOLUNTARY RETIREMENT AND TRANSFER TO THE
FLEET RESERVE OF MEMBERS OF THE NAVY SERVING ON ACTIVE DUTY.
REF D IS SECNAVINST 1920.6D, ADMINISTRATIVE SEPARATION OF OFFICERS.
REF E IS MILPERSMAN ARTICLE 1070-180, OFFICER PHOTOGRAPHS.//

RMKS/1.  Congratulations to the following officers on their
promotions to the ranks indicated in this message.  This NAVADMIN is
the authority for effecting permanent officer promotions on the
dates indicated.  Columns read name and designator.
                      PERMANENT PROMOTION TO CAPTAIN
                CAPTAIN LINE AND STAFF SENATE CONFIRMATION DATE
                  LINE 24 JUNE 2021      STAFF 24 JUNE 2021
DOR/EFF DATE 01 JUNE 2022
 Cherrett Robin Corey     1800         Coan Erin Blaire         2100
 Cortez Tymesia Vincencia 2900         Hawks Matthew Arthur     1230
 Jones Kelley T           1110         Leslie Kyle Porter       1310
 Mack Jiwan Alexander     1110         Mamikonian Alexander S   1110
 Patterson Shannon Ladage 1110         Saucedo Pamela Rodriguez 3100
 Strickland James Andrew  1110         Tinucci Raymond Faust    2200
 Tuttle Ralph Edwin       2100
                      PERMANENT PROMOTION TO COMMANDER
              COMMANDER LINE AND STAFF SENATE CONFIRMATION DATE
               LINE 24 JUNE 2021      STAFF 30 SEPTEMBER 2021
                          DOR/EFF DATE 01 JUNE 2022
 Agcaoili Frank Palisbo   1820         Ball Raymond Thomas Jr   1110
 Batteson Bruce           1140         Brueggeman Candace M     1830
 Bushey Michael Dennis    2900         Demaree Mark Edward      6330
 Dittberner Trey J        1110         Enujioke Sharon Chinyere 2100
 Fitzgerald Timothy Jr    1110         Garrett Jessica Adriane  1800
 Hanks Hursel Brian       1320         Hansen Todd Phillip      2100
 Higgs Maureen Murray     2100         Hime Kristine Y C        1440
 Hochmuth Paul Thomas Jr  2500         Johnson Jeremiah Alan    1120
 Kellner Thomas L         1310         Kempinski Josh Ryan      1110
 Mannila Stephen James    3100         Martinez Michelle M      1110
 Matkovich Mark James     1120         Mayer Joseph F           4100
 Moffett Samuel A         1110         Oxendine Anthony W. Jr   6200
 Painter Matthew D        1320         Rutherford Grant Russell 2200
 Santiago Laura Beth      1110         Smith Eugene Jr          2300
 Sonntag Charles C        1310         Takanen Laura Anderson   3100
 Talley Shawn Eric        5100         Thomas Cameron Reece     1810
 White Roosevelt B Jr     1110
                 PERMANENT PROMOTION TO LIEUTENANT COMMANDER
                   SENATE CONFIRMATION DATE 30 MARCH 2022
                        DOR/EFF DATE 01 SEPTEMBER 2021
 Temesgen Mulugeta Diress 2900
        LIEUTENANT COMMANDER LINE AND STAFF SENATE CONFIRMATION DATE
             LINE 30 SEPTEMBER 2021      STAFF 30 SEPTEMBER 2021
                          DOR/EFF DATE 01 JUNE 2022
 Bartling Samantha Jane   2100         Brinkley Brian Colin     6330
 Call Analiza Rey         2900         Cepeda Cesar Julian      1200
 Couch Anthony Joseph     2500         Davis Andrew Scott       1830
 Escobar Edgar Antonio    2300         Evatt Elton Dennis II    6180
 Grady Robert John        6180         Grask Theodore Erwin     2100
 Humphries Jehu Salem     6480         Hutson Oanh Pham         2200
 Japzon Matthew Charles   2300         Johnson Jordan M         1820
 Kwasny James Joseph      5100         Maciborski David Patri   2200
 Martinez Robert Alan     3100         Maxwell Nathan Ellis     1460
 Meadows Joseph Allen     6200         Miller Robert Grant      2300
 Nguyen Jacob Andrew      3100         Nusz Nathan Philip       3100
 Owen Andrew Michael      2100         Pande John Henry         1440
 Paradise Scott Loring    2100         Piela Cassy Ann          2900
 Puckett Jonathan David   1810         Roff Erick Michael       2100
 Ryan Keegan Drake        1830         Seech Todd Randal        2300
 Templet Brian C          2100         Thompson Ryan Bradley    2100
                  SENATE CONFIRMATION DATE 28 OCTOBER 2021
                          DOR/EFF DATE 01 JUNE 2022
 Abeling Matthew A        1300         Albrecht Adam Kearney    1120
 Alexakos Peter Nicholas  1120         Bellavia Michael E       1310
 Bishop William H         1310         Brand Charles F          1120
 Brooks William E         1310         Cullen Thomas T          1310
 Derby Joel M             1310         Desrosiers Matthew Scott 1130
 Flaum Dustin A           1310         Hill Paul Taylor         1310
 Johnson Sean William     1130         Kawamura Colton A        1140
 Kline Anthony John       1310         Krawiecki Brent J        1310
 Lanouette Christina Ann  1310         Locke Colin Thomas       1320
 Maskell Nicholas David   1310         Mcguire Sarah Rose       1310
 Milden Kyle Rimmer       1120         Mitchell Hugh Allen III  1310
 Oconnell Christopher W   1310         Pearson James Patrick    1310
 Rapoport Isay A          1310         Seda Steven              1120
 Sheppard Taylor N        1120         Sing Jennifer J          1310
 Swain Robert Elton III   1310         Wallace Jeremy Aaron     1110
 Wilkin Bradley Marc      1310         Williams Amy N           1310
                      PERMANENT PROMOTION TO LIEUTENANT
                          DOR/EFF DATE 01 JUNE 2020
 Horton Rachel Lynn       2300
                        DOR/EFF DATE 01 NOVEMBER 2020
 Aagard Tyler John        2500
                          DOR/EFF DATE 01 JUNE 2021
 Blas Cooper David Louis  1390
                          DOR/EFF DATE 01 JUNE 2022
 Abeyta Angel Babie       1110         Abogadie Randyceasar B   1110
 Abraham Elliot T         1320         Abrashoff Alexander Dona 1110
 Ackley Jacob D           1110         Adams Chancellor Dean    1110
 Adams Katie Marie        2900         Adams Sean Michael       6330
 Adams Thomas K           1120         Adena Stephen V          1310
 Agosta Adam M            1390         Agosto Abigail R         1120
 Agudelo Steven           1310         Ahn Andrew Joonhyuk      1110
 Akins Evan Scott         1110         Akre Alexander Pasquale  3100
 Alberico Angela A        1110         Albert Alexandria G      1320
 Allen Dakota Jay         1170         Allen Melody L           1120
 Allen Tyler David        1310         Althoff Isaac G          1310
 Altruda Alessandra D     1310         Alvarado Amandanicole K  1310
 Amick Stephanie Lynne    2300         Ammon Chase A            1320
 Amyett Jessica Elizabeth 1320         Amyett Samuel Odice      1320
 An William Nan           1310         Andalia Alexander R      1310
 Anderson Allison Marie   1110         Anderson Benjamin Robert 1170
 Anderson Jonathan        1310         Anderson Kirstin E       1170
 Anderson Shawn Eugene Jr 1110         Anderson Zachary Kenneth 1310
 Andrews Michael Scott    2900         Androlewicz Andrew J     1310
 Andrus James L Jr        1120         Ao Apearre J             1110
 Arai Jacob C             1320         Arellano Nathanial R     1120
 Artim Shane Richard      1110         Artis Justin Taylor      1120
 Ary Jamie A              1830         Ashley Alexander James   1320
 Augenstein Mary Legare   1120         Austindatta Christian P  1310
 Ayala Juan Carlos        6180         Baas Daniel Cooper       1310
 Babb Isabelle Serafina   1310         Baglini Allison A        1950
 Bagsic Rononeil L        1110         Bahleda Joseph M         1110
 Bailey Alyse K           1320         Bailey Connor Patrick    1120
 Bailey Omar Sharif       1120         Bakulinski Ashley Marie  1820
 Balyozian John B         1160         Banasiewicz Aaron M      1310
 Bancroft Olivia K        1110         Banks Kayla              1110
 Bantle John Alexander    1120         Barclay Aaron M          1110
 Barker Elizabeth A       1110         Barksdale Chyienne J     6360
 Barnaba Michael F        1110         Barnard Justin Daniel    1120
 Barrett Joseph Clark     1110         Barricman Britni N       1310
 Barrios Garrett Logan    1110         Barrios Kathleen Maura   1110
 Barrow Natalia Therese   1110         Barsam Benjamin C        1130
 Barsam Shae Elisabeth    1110         Bates Christopher Joseph 1110
 Bates Savannah Marie     1830         Baugh Matthew Allen      1310
 Baughman Jenay Kathryn   2900         Bautista Johnvenice M    1800
 Baxter Cameron J         1110         Beachum Javarri Demontez 1800
 Becker Noah Beniah       1310         Bedford Joseph C         1310
 Beer Emanuel B           1130         Belch Nathaniel          1320
 Bell Dexter Wayne        1320         Bellomy Mikelund L       1310
 Bender Kristen M         1110         Benjamin Marvinceanthony 1110
 Benoit Danielle Nichole  1830         Bentley Jonathan I       1520
 Berenguer Collin Francis 3100         Berg Wyatt James         1310
 Bergman Andrew Linus     1160         Bermel Nathan Robert     1390
 Bernhardt Patrick Jerome 1310         Bernhardt Peter U        1110
 Bernhardt Preston Philip 2300         Beverly Kyle G           1200
 Bibeau Adam S            1110         Bieniawski Austin J      1310
 Bilden Andrew James      1110         Bindel Ryan J            1120
 Bing Avery               1110         Bird Corbin Everett      2300
 Bishop Kalob A           1110         Bittleston Daniel Elijah 1810
 Black Alison Nicole      1320         Black Connor M           1310
 Black David P            1110         Blake Joshua C           1310
 Blaylock Matthew M       1320         Bliss Jordan A           1170
 Bloom Benjamin R         1110         Bloom Tyler R            1520
 Blume Claire E           1310         Boboc Christopher Henry  1120
 Boccarossa Jonathan Mari 1810         Bogdan William T         1170
 Bohannon Garrett K       1110         Bohdan Patrick S         1110
 Boleky Savannah R        1110         Bolton John Gregory      1120
 Bolton Patrick Joseph II 3100         Bombara Gregory M        1110
 Bongiorno Samuel P       3100         Born Stephen Donald      1170
 Bovee Katelyn M          1810         Bowers Timothy J         1110
 Boy Virginia Mary        1170         Boyum Ingrid Clare       1830
 Bradley Jeffrey Kenneth  6200         Bradley Kylie C          1390
 Brady Colin Denson       1110         Brady Michael W          1310
 Brandon Audrey Leigh     1110         Brandon Nolan Thomas     1310
 Brandon Sydney L         1110         Branick Sean P           1310
 Braun Kasie L            1320         Brennan Patrick Vincent  1320
 Bristow Ashleigh Blair   1390         Bristow Brendan G        1310
 Brock Connor Vincent     1320         Brock Mykaela Alexandra  1310
 Broeg Maeve Augusta      1110         Brovarone Eric W         1320
 Brown Allison Rene       2900         Brown Andrew S           1310
 Brown Brendan Trace      1820         Brown Demetrius L. Jr    1810
 Brown Duncan Andrew      1110         Brown John Archie III    1110
 Brown Lauren Marie       2900         Brown Lisa W             1110
 Brown Nicholas J         1310         Brown Rune S             1320
 Brown Samuel Edward      1830         Brown William H          1310
 Broz Jacob Lee           1310         Brugger Joseph Austin    1120
 Brummerstedt Hans Christ 1110         Bryant Layton Smith      1110
 Buck Ryan C              1170         Buckland Jon C           1190
 Buckwell Cory Andrew     1170         Burdette James M         2300
 Burge Micah J            1110         Burke Brendan Mcandrew   1310
 Burke Cierra Paige       1830         Burke Jacob T            1110
 Burke Kevin              2900         Burket Kale Michael T    2300
 Burkhart Zachary R       1110         Burney Kyle A            1120
 Burns Jackson K          1310         Burns Jordan Grace       2300
 Busa Erika Michelle      1310         Busa Mitchell A          1320
 Busa Nicole G            1110         Bush Daniel Scott        1310
 Bush Michael Taylor      1170         Busickschneider Arthur J 1110
 Bustamante Ab            1170         Butler Colin Deshawn     3100
 Butler Gage Austin       1110         Butler Samuel Kennedy    1130
 Butz Daniel J            1130         Byerly Kevin J           1310
 Byrne Martha Siobhan     3100         Byrne Shaun P            1320
 Byrne Tyler M            1120         Cale Robert L            1310
 Caliri Anthony C         1310         Camacho Sebastian E      3100
 Campbell Andrew G        1170         Campbell Eric C          1310
 Campbell Lindsey G       1310         Campbell Mary Frances    1120
 Camuso Alexis B          1110         Cannata Andrew Michael   1310
 Cannon Elizabeth A       1170         Cantillo Christopher G   1390
 Capriglione Salvatore R  1110         Carboni Michael J        1830
 Cardenas Sean Martin     1310         Cardozo Pedro Alejandro  3100
 Carlson Eli Alexander    1120         Carlson Emma May         1110
 Carlyon Cameron          1520         Carpenter Sean Leroy     1320
 Carr Jackson P           1820         Carr Ryan S              1310
 Carroll Joseph John III  6120         Carter Hiram Vernon      1310
 Carter Travis J          1810         Casale Matthew P         1110
 Cassano Michael Joseph   1310         Cassese Pasquale A       1110
 Cassley Patrick George   1310         Castaneda David Phillip  1310
 Castaneda Jonathan       1110         Castellano Cameron M     1110
 Castillo Jared Joseph    1110         Caudill Timothy Grant    1810
 Cavada Regina B G        2300         Cecchini Emily Anne      1140
 Cedotal Eric J           1120         Ceniceros Cameren J      1110
 Cernok Ethan K           1170         Cessna Megan Brooke      1810
 Cha Seyoung              1110         Chan Chi To              5100
 Chan Jason               1310         Chan Keely Lee           1170
 Chan Nicholas R          1320         Chancellor Bronson Lee   1130
 Chandler Erin T          1120         Chaney James Carl        6410
 Chang Alyssa Kalanipulok 3100         Chang Hyung W            1110
 Chauvin Carson Geiling   1120         Cherry Maxwell Alexander 1310
 Chhor Christine Tekheng  1110         Chiappe Chandler E       1310
 Childress Sarah Emily    1320         Chisholm Ryan C          1310
 Choi John Young          1110         Choo Harold              1810
 Chorvat Matthew C        1170         Christie David W Jr      1110
 Chung Alexander C        1110         Chung Andrew             1310
 Cirillo Zachary Paul     1120         Cirilo Esperanza S       1110
 Cisneros Beau James      1120         Clancy John Patrick      1110
 Clark Chelsea Nicole     2900         Clark Dexter Chayton     1310
 Clark Jason Kent         1310         Clark Randall Steele     1120
 Clark Sterling Michael   1310         Clavin Connor Alexander  1110
 Clements Benjamin L      1170         Cline Jack Francis       2900
 Cobb Spencer Guy         1120         Coen Matthew J           1310
 Coen Patrick Joseph Jr   1110         Coleman Austin Randall   1170
 Coleman Michael Andrew   3100         Colley Patrick T         1310
 Collins Hannah Christina 1320         Collins Jenna Rose       1320
 Collins Julia Anne       1320         Collison Gabriel J       1310
 Combs Jere A             1170         Compton Blake Paul       2900
 Conway Devlin Hughpatric 1190         Cooley Dillon C          1310
 Cooper William I         1120         Corey Matthew J          1120
 Cosic Ryan Patrick       1120         Costa Cecilia Rose       2900
 Costa Nicholas Anthony   1170         Cotney Jackson Scott     1310
 Cottle Audrie D          1110         Coughlin Luke Michael    1190
 Council Catherine C      1310         Cowan Kenneth Dwayne II  1130
 Cowsert Alex Meagan      1110         Cox Matthew J            1800
 Coyle Patrick G          2900         Craft Andrew Carlton     1110
 Crandell Thomas Michael  1320         Crews Emma Caroline      2900
 Crews Sarah L            1110         Crider Matthew Brandon   5100
 Crisp Colby Wayne        1110         Cristofari Anthony Louis 6200
 Crossfield John C        1110         Crowell Mary Katherine   2900
 Cryer Thomas P           1310         Cullen Hanley Boyd       2900
 Cunningham James H       1170         Cunnings Madeline R      1110
 Curry Sean P             1310         Cusack Bryan P           1110
 Custer Preston Forsberg  1310         Cuthbert Charles Cliff   1810
 Dablain Colin A          1840         Daigle Shenandoah Louise 1810
 Damiano Selena Corinne   2300         Dang Malina C            1110
 Daniel Jahmaal Elijah    1110         Daniels Philip Kenneth   1310
 Danskin Andrew S H       1310         Darby Jalan Bryant       1310
 Darlage Emily Irene      1110         Davalosbarreto Brandon L 1820
 Davenport Myles          1820         Davey Thomas Joseph      1310
 Davidson Tyler J         1310         Davis Bjorn Connor       1170
 Davis Chase R            1170         Davis Ian Montgomery     1820
 Davis Julia Marie        1110         Davis Samuel Malcolm     1190
 Dawley Wyatt R           1830         Dawson Elisha Earl       1830
 Decker Edward Paul       1110         Dehaan Kyle B            1310
 Dejnozka Julie J         1110         Delancey Jay Douglas     1110
 Delarosa Fernando A      1310         Deniega Angela Delacruz  1320
 Denis Alex J             1310         Dennis Alfred M          1310
 Densmore Casey Richardow 1320         Derosier Andersen C      1120
 Detrick Nathan D         1310         Devey Bridget Ann        1830
 Dibacco Michael R        1220         Dierker Skylar W         1120
 Dillon Stephen R         1310         Dircks Quinn Robert      1120
 Dirks Armani T           1110         Dittmar Connor James     1310
 Dittmar Liberty F        3100         Doherty James S          1120
 Donley Cory Lee          1310         Donlon Ryan P            1110
 Donofrio Anthony Adrian  1310         Dopsch Maxwell Y         1390
 Dotzauer Tara Brittany   1110         Douglas Austin C         1390
 Dowling Bryce E          3100         Doyle Patrick J          1310
 Dozier Tai Kellen        1520         Drahus Cole C            1110
 Dudley Brock Alexander   1110         Duerkop Aracely C        2900
 Duffy Charles Cameron    1190         Dufresne Fumiya T        1110
 Dugie Nathan R           1110         Dukleth Daniel John      1310
 Dulin Bryce Allen        1310         Dulin Elizabeth Jane     1320
 Dumas Austin Taylor      1310         Dunakey Nicholas John    1830
 Duncan Christopher S     1320         Duncan William L         1310
 Dungey Christopher       1170         Dunham Taylor Paige      1110
 Dunleavy Thomas J        1110         Dunphy Benjamin Ryan     1170
 Dwyer Chandler R         1310         Dyment John S            1170
 Dzhandzhapanyan Natalie  1310         Easter Adrienne Nichole  1310
 Eastman Thomas Henry     1170         Edmond Kenneth L II      1120
 Edwards Cara Michelle    1110         Edwards Collin Michael   1310
 Egbert Christian J       1120         Ehlermann Andrew F       1310
 Ehrensbeck Emma Marie    1310         Eissler Jacob            1110
 Ellington Brad N         1110         Ellis Hadley D           1800
 Elmore Richard Allen     1110         Engstrom Coleman Erik    1300
 Engstrom Jennifer Jayne  1320         Enslen Devin Michael     1110
 Enyart Kaitlin M         5100         Erbe Nickolas Frederick  1520
 Erjavec Spencer Joel     1390         Escudero Jesus Manuel    1130
 Esoldi Taylor Bryan      1110         Espe Jessica Michelle    1110
 Esposito Gennaro Lucas   1310         Estep Daisy              2900
 Ewald Steven Robert      1110         Faber Timothy R          1120
 Fagen Nikolas Perry      1310         Fan Ted                  1120
 Fanning Alexander A      1110         Farr Madeline            1110
 Farrar Matthew D         1110         Farrell Kevin P          1310
 Faucher John Paul II     1120         Faulkner Joseph P        1310
 Featherman Nicholas S    6200         Feig Jared S             1310
 Fenske Hannah Marie      1120         Feroce Henry J           1390
 Ferraguti Zachary M      1310         Festa Kyle Alfred        1310
 Fields Benjamin D        1320         Fife Keith M             1170
 Figueroa Francisco Luis  1320         Fine Addison J           1310
 Fischbach Craig P        1110         Fischer Patrick D        1320
 Fisher Anne Victoria     1110         Fisher Quinton A         1110
 Fisk Daniel R            1390         Fitzgerald Casey C       1310
 Fleer Alison Leigh       2900         Flemming Joseph Elwood   1310
 Fletcher Aaron Michael   1160         Flippo Kayla L           1820
 Flores Emilio Sergio     1130         Floreswenthe Leandra A   1110
 Flynn Byron C            1120         Fogwell Thomas A         1310
 Foley Connor S           1140         Fontaine Liam S          1170
 Forchhammer Taylor Sincl 1310         Ford Alison B            1110
 Ford Michael W           1170         Forrester Vandye J V     1110
 Forsythe Henry Curtin    1130         Foster Maloney M         1120
 Fox Mason A              1160         Francis Patrick Day      1110
 Frankenberger Thomas M   1310         Franklin William H       1310
 Franssen Elisa M         1110         Frawley Derek Connor     1320
 Fredericks Bradley F     1170         Freedman Kevin Andrew    5100
 Freeman Jordan D         3100         Freitas Nichole Ruth     2300
 Fricke Thomas Mitchell   1310         Fromm Amy Elizabeth      2900
 Fulton Daniel Evan       1310         Fulton Timothy Theodore  1120
 Fune Karl Dale Martin    2900         Furgiuele Sean M         1390
 Furlong Paige Mcdonough  1170         Gabriel Bianca D S       2300
 Gachalian Pauline Olivia 2900         Gainer John Joseph Jr    1120
 Gallaher James P         1110         Gantenberg Evan C        1110
 Gao Jeffrey              1310         Garcia Charles A Jr      1390
 Garcia Jeffrey           1830         Garcia Jeremy George     1110
 Gardner Benjamin Warren  1170         Garfola Cassandra Jean   1320
 Garies Augusta Leo       1110         Garmoe Eric John         1130
 Garrahan Sean K          1310         Garrett Aaron A          1170
 Garrett Vertellis Demert 6360         Garrova Stephen C        1800
 Garvens Haley J          1110         Garza John Patrick       1110
 Gaspar Gabriel Trey      1310         Gasper John Raymond      1310
 Gates Careem Y           1110         Gavner Owen J            1110
 Geisenhof Hannah Rebecca 2900         Gelatt Kevin F           1310
 Gelsthorpe Peter G       1110         Gerard Patric A          1160
 Gerrard Matthew          1110         Gettmann Mark Nicholas   1310
 Gibeley Nathan Marc      1130         Gideon Nason Patrick     1310
 Gilges Alexander L       1310         Gillette Connor James    1110
 Gilmour Abigail R        1310         Glaeser Mark Richard     1160
 Glassford Mackenzie A    1310         Glennnorris Rebekah E    2300
 Glennon Robert John II   1110         Godfrey Hannah Marie     1110
 Goetz Joshua             1110         Goforth Bryson Kirby     1110
 Goggins John M           1110         Goins Briana Danielle    2900
 Goitz Dylan C            1170         Gomperts William David   1170
 Gonzalez Crysta Maria    1830         Gonzalez Gerardo R Jr    1830
 Gonzalez Jason Eduardo   1110         Goode Samuel Garrett     1110
 Goodpaster Matthew I     1310         Gordon Aaliyah Raquel    1160
 Gore Marshall W          1310         Gorman Christopher B     1820
 Gorman Shannon Yuka      1820         Gorres Jacob Woodrow     3100
 Gould Brendan Michael    1310         Goult Kristen N          1110
 Gozdur Garrett E         1170         Graff Jordan Taylor      5100
 Graft Sahara Lynn        1310         Graham Max D             1810
 Graves Devin Thomas      3100         Graves James Daniel      1310
 Green Austin M           1310         Green Christina Kay      1110
 Green Shane A Sr         2900         Gregoire Matthew P       1310
 Gregory Thomas K         1320         Griffin Leerobert H      1110
 Griffin Olivia Marie     1110         Grimmagemcnabb Andrewjon 1110
 Grinnell Madisen Therese 1310         Grobbelaar Michaela      1310
 Grocki Nicholas C        1220         Groebe Theodore A        1310
 Groen Alexander G        1320         Gros Viana Marie         2900
 Gue Paul H               1220         Gueye Marieme            1460
 Guhl Mitchell Tobias     1310         Guidera Anthony M        1130
 Guinan Thomas Francis Jr 1130         Guinn Katherine A        1310
 Gumbel Andrew J          1110         Gunther Alden N          1110
 Haber Samuel Michael     1120         Hack Ryan J              1310
 Hackbarth Colin Rae      1320         Hackworth Kenneth Roger  1310
 Haefner Jonah B          1220         Hagedorn Tyler J         1110
 Hagen Jacob M            1120         Hagopian Isabel D        1310
 Hague Austin Tyler       5100         Hahn Rodney Johnathan    1110
 Haley Michael P          1310         Hall Jared K             1170
 Hamasian Steven Gregory  1110         Hamilton Kevin S         1320
 Hammaker Leah E          2900         Hand Nathan E            1310
 Hanna Joshua Alan        1170         Hansen Cord Jon          1110
 Hansen Derek Michael     1310         Hanson Phillip Goddard   1810
 Hardgrove Samuel I       1110         Hardy Robert W           1120
 Harland David E          1110         Harmel Austin David      1310
 Harper Alexander J       1830         Harris Ashley Simone     1110
 Harris Connor Maclearn   1310         Harris Devin Dajalon     1110
 Harris Lyndsay E         1310         Harris Maelin R          1200
 Harris Megan             2900         Harris Sydnye E          1200
 Harvey Jason Garrett     1810         Haseltine Angeleah C     1160
 Hassen Alexander James   1130         Hasz Kelsey Rose         2900
 Hatfield John M          1120         Hay Ian A                1320
 Haywood David Austin     1310         Heath Chandler Q         1110
 Hebert Nicholas J        1110         Hedgecoth Jennifer Renae 1170
 Heim Craig L             1310         Heinlein Andrew R        1120
 Heinrich Matthew M Jr    1110         Helbig Michelle Sakura   1110
 Hemberger Andrew D       1110         Heneveld Cortland Reed   3100
 Hengen Saige Christina   2900         Heni Benjamin            1310
 Henson Thomas Clinton    1120         Hentges Thomas Alexander 1810
 Henzer Keith S           1320         Hernandez Giovanni G     1830
 Herold John Thomas       1170         Herting Dakota Ty        1110
 Hess Eric Lee            1170         Hickerson Alexander O    1310
 Hickey Conor Robert      1310         Hickman Nickolas Adam    1120
 Hicks Mason Lynn         1310         Hicks Richard J          1310
 Higgins William J III    1120         Hilgendorf Eric Brennan  1820
 Hill Christopher Craigmi 1110         Hincks Stephen Edward Jr 1110
 Hines Alexander R        1110         Hines Arthur Joseph      5100
 Hinkley Griffin Ambrose  1310         Hobson Rowan P           1310
 Hobson Walker C          1110         Hodapp Peter William     1120
 Hodge Kasandra N         1110         Hodgkinson Isabelle V    1110
 Hoffman Erika Marie      1110         Hoffman Marylynn Louise  2900
 Hogan Peter Edward       1170         Hogue Matthew Garrett    1110
 Hoiles Alexandra K       1110         Holland James F          1110
 Holland Mercedes A       1110         Holmes Jacob C           1110
 Holton Jesse R           1310         Hooper Sam P             1110
 Hoople Calvin P          1310         Hoover Halston M H       1810
 Hopkins Connor J         1110         Horan Haeley Christian   1110
 Hori Trent Michio        1320         Horman Emily Katherine   3100
 Hosko Alex J             1310         Hotz Noah E              1320
 Houle Brooke E           1320         Housinger Laurel S       1310
 Howard Jonathan David    1840         Huang Jingxuan           1170
 Huang Jingyi             1110         Huang Peter              1310
 Hudgens Zachary Drew     1310         Hudgins Brandy Michelle  2900
 Huffines Brent Davis     1320         Huffman Nicholas P       1310
 Hugh Daniel Kenneth      1310         Hughes Christian Lee     1310
 Hughes Danielle A        1310         Hung Theodore H          1310
 Hunt Ryan                1110         Hunte Shara S R          1160
 Hunter Kathryn R         1110         Hurst Brittany Nichole   2300
 Hurst Caleb C            1110         Husemann Dirk P          1310
 Huson John W             3100         Huynh Alexander K        1120
 Hyde Christopher H       1130         Hyer Gregory Edward      1840
 Hyland Cody James        1390         Hynes Benjamin Jeffrey   1190
 Ing John D               1170         Ingalls Grant Aaron      2300
 Ingliss Jennifer Yusha   1820         Ingram Caleb Andrew      1310
 Iverson Ryan Michael     1110         Jackson Arden Alexandra  1110
 Jackson Benjamin Waymon  1130         Jackson Paul Fenwick     1120
 Jahn Austin J            1110         Jaime Joseph Oscar       1810
 Jameson Eric Christopher 1110         Jarrett Wilmesheia Nyria 2900
 Jarvis Andrew Patrick    1170         Jefferson Andrea Elise   2900
 Jenkins Kenneth Charles  1120         Jenkins Sara Taylor      1320
 Jennings Wyatt Carpenter 1310         Jensen Dylan Ray         1110
 Jensen Linka Jean        2900         Johnson Brenna E         1110
 Johnson Chase E          1320         Johnson Christopher D    1120
 Johnson Colton G         1390         Johnson Ehren Andrew     1120
 Johnson Ian D            1110         Johnson Julius Erving    6280
 Johnson Kaine Alexander  1170         Johnson Matthew S        1190
 Johnson Michael B        1310         Johnson Paul D           1110
 Johnson Rose Maria       2900         Johnson William Moore    1170
 Johnston Luke D          1310         Jokerst Corey David      1110
 Jonas Christina Young    1110         Jones Andrew Mark        1110
 Jones Brandon Maxwell    1130         Jones Jordan Isiah       1173
 Jones Mackenzie S        1110         Joo Aaron Kangsan        1110
 Jorde Geeyong Lee        1110         Jorgensen Aaron B        1110
 Joyce John T             1310         Joyce Jonathon M         1190
 Jozwik Jaroslaw A        1310         Jubon Thomas E           1120
 Julius Andrew Michael    1120         Kadlubowski Bradley T    3100
 Kalakewich Keyton James  1120         Kamara Wadewatta C       1160
 Kamhoot Sean Harrison    1310         Kane Dylan S             1820
 Kappes Jacob L           1110         Karlin Madison J         1110
 Kasper Bryson Gerard     1170         Kaufmann Brianna Marie   1170
 Kautzman Mathew Scott    1310         Kay Robert H             1810
 Kearns Charlene Renee    1320         Keating Connor M         1110
 Keating Conor Edward     1310         Keegan Griffin B         1320
 Kelley Lacey Gail        1110         Kelly Bryson G           1200
 Kelly Jack P             1190         Kelly Kieran P           3100
 Kelly Michael Jeremiah   1190         Kennedy Christopher J    3100
 Kennedy Michael Bradford 1320         Kenner Thomas D          1310
 Keohacksa Justin P       1110         Kern Cole A              1310
 Key Colton Wesley        1310         Ki Alex Eunwoong Jr      1170
 Kidd James William       1310         Kiesling Gordon S        1310
 Kiessling Steven Michael 1120         Kilbert Kaylee A         1810
 Kim Elizabeth Giwon      1110         Kim Elliot Young         1200
 Kim Jeannie Jin          1110         Kim Joseph J             1110
 Kim Josephjooyoung       3100         Kim Mi Na                1320
 Kinard Katie Virginia    3100         Kinley Christopher Paul  1160
 Kinnunen Brandy M        1110         Kinosian Nicholas P      1110
 Kinsman Zachary A        1110         Kirkham Jane Momoko      1170
 Kirkland Glenn Edward Jr 6360         Kirsch Tyler Thomas      1120
 Kistner Mallory A        1320         Klein Joshua Lie         1120
 Klein Kara M             1320         Kluger Olivia Catherine  1320
 Knowles Logan Mark       1310         Knuckles Katie Leigh     1110
 Kober Nicolette D        1390         Koehr Patrick J          1310
 Kolon Carl Chadwick      1170         Kondrup Benjamin William 1120
 Korenak John Patrick     1130         Kosinski Kyle A          1120
 Kosmides Miranda Lee     1310         Kowalski Lily Ann        1200
 Kraft Zachary Micheal    1160         Kramer Brittany Frances  1310
 Kramer Casey Merckx      1170         Krasnican Thomas Andrew  1170
 Krause Victoria Gisela   1310         Krechel Noah N           1820
 Krenn Michael J          1110         Kretzschmar John D       1310
 Krusz Austin Christopher 1170         Kryszewski Hailey A      1170
 Kunce Cameron S          1170         Kuprenas Luke N          1110
 Kutsurelis Aden Emmanuel 1110         Lackey Gabriel John      1800
 Laflam Joshua Duke       1120         Lafuze Robert D          1120
 Lagosantonakos James G   1460         Laguardia Robert Neal    1110
 Lanci Cara M             1800         Landi Flor               1110
 Landry Maxwell T         1170         Langat Enock Kibet       1110
 Lanuza Chelsea Sarmiento 1110         Laplante Marcel Fiore    1310
 Larar Lauren Alexis      1110         Larson Jacob Daniel      2300
 Lasswell Christian J     1120         Laster Terrence S Jr     1310
 Laturno Thomas Warren Jr 1310         Lauk Erich B Jr          1810
 Lauterer Megan Elizabeth 3100         Lavis Mclain Henry       1310
 Lazzeroni John J         1220         Ledesma Samuel Howard    1310
 Lee Aaron Bhongju        1110         Lee Bridget C            1320
 Lee Elizabeth            1110         Lee Jane                 1110
 Lee Joseph Bolton        1110         Lee Simon S              3100
 Lee Taeheon              1110         Lemaignen Alexandre M    1110
 Lemley Beckett L         1120         Lemyre Bruce J           1110
 Leng Endy                1110         Lennert Jasmine A        1220
 Lennon Gregory P         1110         Leosk Helois Solveig     1110
 Letourneau Michelle Lynn 2900         Lewandowski Christian F  1810
 Lewellyn Chad            3100         Lewis Zachary Aaron      1170
 Liedtka David John III   1840         Lindauer Daniel Wesley   1310
 Linder Charles Matthewsh 1170         Lindsey Robert Steven    3100
 Linenger John Bartmann   1130         Linnartz Connor Easton   1310
 Linville Nolan Foster    3100         Little Joshua H          1110
 Litwin Zachary J         1830         Lloyd Daniel Thomas      1310
 Lohmann Charles Edward   1310         Long Brian Burton        1190
 Long Patrick Curtis      1110         Longacre Benjamin Jacob  1390
 Looney Joshua Borrell    1160         Louthan Mason A          1320
 Lovera Noe               1110         Luchau Donald K          1110
 Ludwig Finn Johannes     1310         Luke Bryan C             1200
 Luker Theodore J         1110         Lulli Andres Cole        1170
 Lungelow Kashawn Stephen 1110         Lustgarten Zev J         1830
 Lutkus Hillary K         1110         Luzzi Colin J            1170
 Macadam Clare Anne       1110         Macaluso Matteo Philip   1950
 Macdonald Patrick J      1110         Mack Letuan Anthony      1110
 Mack Robert Bates        1310         Mack Rosaurelia Arellano 1110
 Mackenzie Claudia Ashley 1110         Macleod Ian Angus        1120
 Macphee Daniel Ryan      3100         Macphee Desiree Emily    1820
 Macphee Matthew Edward   3100         Madigan James Gabriel    1310
 Majeed Abdulmalik        1110         Majkic Andrey            1810
 Malencia Austin J        1220         Mallozzi Christopher     1120
 Manieri Andrea M         1110         Manion Kyle T            1120
 Mannier Robert Brandon   1460         Mannix Erin M            1110
 Mansfield Ryan Bentley   1170         Manzi Maude Isabella     1110
 Mapes Trenton Phillip    1170         Marcou Megan Elizabeth   1110
 Mariano Ryan             1310         Mariano Veronica Maria   1110
 Markey Seamus C          1200         Marks Joshua R           5100
 Maroney Shannon J        1110         Marquardt Jacob C        1320
 Marquis Christopher A    1310         Marrazzo Anthony J       1320
 Marrese Dimitri J        1310         Marshall Sawyer A        1310
 Marshall Travis Ritson   3100         Marston Bennett Andrew   1310
 Martin Bailey Christian  2900         Martin Christian Allan   1130
 Martin Evan Arnell       1110         Martin Joshua James      1320
 Martin Kiersten E        1110         Martin Rachel L          2900
 Martinez Christopher Mic 1110         Martinez Daniel J        1830
 Martinez Julian Marcus   1120         Martinez Samantha M      1810
 Martinez Steven R        1110         Martini Christopher C    1110
 Marvil Karl Anthony      1110         Masella Robyn M          1160
 Mason Katherine E        1110         Mata Elizabeth M         1110
 Matheny Eric             1160         Mathesorr Kyle Clifford  1310
 Mathews Alex J           1120         Mathis Harrison Reese    1310
 Matta Toni Ann           1810         Maus Andrew Peters       1110
 Maxera Desiree Delaluz   1310         Mayer Scott T            1810
 Mayo Jacob Richard       1120         Mays Russell D           1320
 Mazal Kamil Andrea       1390         Mcaleer Molly Mcsherry   1110
 Mcaloon Timothy B        1320         Mcandrew Michael J       1120
 Mccarthy Catherine S     1110         Mccarty Elijah J         1220
 Mcclellan Amy            1170         Mcclelland Bryce Counts  1190
 Mccloud Corey Gerard Jr  1320         Mcconnell Brian Scott    1190
 Mccool Shelby Kay        1310         Mccown Timothy Robert    1310
 Mccrossen Katherine E    2900         Mcdaniel Ashley Darlene  1220
 Mcdonald Ross D          1120         Mcdonough Meghan Leslie  1200
 Mcdougal Madeline N      1110         Mcelroy Mathew Lee       2900
 Mcfann Logan Samuel      1310         Mcgarry Kyle R           1310
 Mcgee Matthew R          1130         Mcgee Philip A           1110
 Mcgillick John Patrick   1170         Mcgowan Bailey Jordan    3100
 Mcgrath Benjamin Ryan    1110         Mcguire Joshua T         1130
 Mckay John W             1160         Mckinney Michael C       1830
 Mcknight Gregory Takuya  1110         Mclaurin Kendon T        1110
 Mcmonagle Sean P         1310         Mcmullin Ryan M          1390
 Mcnerney Connor Ogden    1130         Mcwilliams Cody James    1310
 Meagher Patrick C II     1310         Measer Matthew Ryan      1310
 Meason Diane E           1160         Medina Jose Guadalupe    1310
 Medina Xavier E          1310         Meditz Malia Leikalani   1310
 Meier Jonathan Samuel    1120         Melara Nicholas J        1110
 Mellett Connor Patrick   1810         Mendolia Alexi Noelle    1810
 Menke Ryan Franz         1170         Merritt Austin Levi      1310
 Mertens Zachary P        1170         Merz Matthew E           1170
 Mesaros Abigail Jayne    1320         Meszaros Elise A         1830
 Metz Miles A             1310         Meyer Christian R        1110
 Meyer Derek D            1120         Meyers Nicholas Conrad   1210
 Mila Matthew Jaren       1190         Miles Reginald James     1320
 Miller Alexandra Nicole  1110         Miller Grace Elizabeth   1110
 Miller Jadeann Elizabeth 1310         Miller Luke Jerome       1120
 Miller Mark D            1310         Miller Stephen Craig Jr  1170
 Millikan Jeremiah A      1110         Millington Patrick J     1120
 Millward Elizabeth B     1320         Minicucci Joseph D       1110
 Minter Steven A          1320         Mirville Gerard A        1110
 Misola Aaron C           1170         Mitchell Jonathan T      1810
 Mix Nathan J             1110         Molinalopez Kaytlin S    2300
 Molkenbuhr Derek S       1110         Monaghan Joseph T. IV    1110
 Monk Paige Alissa        1310         Monroe Jessica Danielle  2900
 Monroe Robert Louis      1130         Monte Christopher Roy    1310
 Monteville Joshua R      1310         Montgomery Adam Perry    1810
 Montgomery Christian D   1810         Monzonramirez Milton U   1110
 Moon Jane Sora           1320         Moore Ellis Richard      1170
 Moore Sarah Margaret     1110         Moore Thomas Robert      1170
 Moore William Andrew III 1810         Moorehead Derek Michael  1120
 Moores Talen Philip      1810         Morales Michael Gabriel  1310
 Moran Kevin P            1320         Moreno Tatihana V        1110
 Morgan Daniel T          1320         Morgan James Hamrick     1310
 Mork Taylor C            2900         Morrison John Paul       1120
 Morrison Natalie E       1320         Morrison William P       1320
 Mosman Kyle T            1170         Moulton John N           1190
 Moy Kevin Michael        1110         Muenster Marina Caroline 1110
 Mule Ellen M             1170         Mullen Derek J           1110
 Mullen Joseph Francis    1320         Muller Jackson G         1320
 Munson Kayne J           1110         Murphy Michael P         2900
 Murphysweet Seth Philip  1310         Murray Amanda May        1310
 Murray Dorothy Nicole    1110         Murvin Madison C         1310
 Nafus Kendrick Shawn     1170         Nagel Alexander C        1310
 Nagel Willa Claire       1833         Narr Jessica Jade        1110
 Naski Timothy Reinhold   1120         Nava Miguel Alejandro    2900
 Ndifang Makeba Aribrick  1110         Negus Gabrielle Marie    1830
 Nelligan Braden E        1110         Nelligan Devlin Ambrose  1830
 Neville Thomas J         1390         Newberry Jacquelyn S     1110
 Nguyen Anh               1820         Nguyen Brandon T         1160
 Nguyen Minh Le           1320         Nguyen Snow              2900
 Nguyen Tristan M         1110         Nguyen Xuan Hang         1110
 Nicholas Robert C        1170         Nickel Ariana Angelique  1310
 Nilsen Matthew           1120         Nix Isaiah               1820
 Noh Daniel Dagon         5100         Noller Trenton Martin    1110
 Norcini Marcelo Martin   1110         Nordell Seth K           1160
 Norton Justin Charles    1810         Noundou William Tchobjip 2300
 Novakovic Parker Thomas  1170         Nowotny Rhett Robert     1110
 Oakley Miles John        1810         Obellos Elvinjohn C      1110
 Ochs Jeremy Lee          1170         Oconnor Dylan Patrick    1190
 Odonoghue Brendan M      1310         Ohara Michael Leo        1310
 Okuinghttons Christopher 5100         Olaiya Nathan Samson     1120
 Oldham Alexander Jeffrey 1130         Olsen Curtis Reid III    1170
 Olsen William Thomas     1310         Olson Christopher M      1310
 Omalley Ryan K           1320         Oman Matthew R           1310
 Onianwa Christina M      1950         Opizzo Matias Costa      1310
 Oram Zachary William     1120         Oreilly Kaitlyn Marie    1120
 Orlov Fedor V            1120         Orourke Samuel P         1110
 Orr Alan Michael         1110         Orr Mackenzie Adams      3100
 Orren Sterling C         1310         Ortega Alyssa Marie      2300
 Oster Adam Robert        1120         Oster Michelle Alexandra 1110
 Osterman Lauren Roselle  1110         Ostrowski Madeline S     3100
 Owens Maeve Mcgovern     1110         Pacrem Tyler J           1310
 Padgett Nicholas Gerard  1310         Pagio Rachel L           1310
 Pahissa Michael Sinclair 1310         Palladino Christopher L  1120
 Palomo Laura E           1310         Pana Margaret Mary       1110
 Panick Connor Jerry      1120         Papenthien Theodore Robe 1310
 Papp Sarah N             1310         Paraiso Nicholas Andrew  1160
 Park Hyun Jin            1200         Park James Kyutae        1810
 Park Jinhong             1110         Park Justin Jihun        1170
 Park Seok                1200         Parker Kenneth Preston   1110
 Parks Drew Taylor        1120         Parrish Abriana J        1810
 Parrish Jackson Symon    1110         Pascual Cyril N          3100
 Patel Samir D            1320         Patenaude Connor A       1110
 Patterson Charles Archie 1160         Patterson Jarrett F      1110
 Patterson Robert Dakota  2900         Pattock Nicholas T       1120
 Paulson Nicholas R       1310         Pavlock Jacob Thomas     1310
 Payne Brittney Susan     1200         Payne Nicholas Frederick 1310
 Paz Anna Nadine          1170         Pearrow Connor D         1810
 Peck Zachary Loren       1310         Peek Mary Katherine      1110
 Peeleman Sara Lieve      1320         Peeling Ryan T           1830
 Pelger William F         5100         Pender Daniel G          1110
 Pennell Dylan Russell    1110         Pepe William A           1310
 Pepin Sean K             1310         Perello Alex M           1110
 Perez Kevin              1120         Perkl Lucas Miller       2900
 Perrybritton Donavon K   1820         Peterlin Nicholas P. III 2300
 Peterson Edward F        1310         Petkovski Blagoj Billy   1650
 Petrilak Christopher J   1310         Pettyjohn Megan E        1110
 Phillips Grant A         1130         Phillips Lauren Shea     2900
 Phillips Margaret Eileen 1310         Phinney Sarah Gong       1830
 Pierce Robert Ewing      1830         Piggott Payton Fay       5100
 Pinch Ryan Daniel        1120         Pittman Elizabeth Winter 1320
 Pittman Jacob Keith      1310         Pittman Jordan Morsell   1110
 Place Parker Jay         1810         Plofchan Leah M          1810
 Plumaker Jacqueline Alex 3100         Plumer David Joshua      1320
 Plunkett Ellen M         1110         Pockat Delmar W          1820
 Polidoro Bradley M       1120         Polk Eric Joseph         1110
 Porter Joshua W          1110         Porter Kevin D           1170
 Porter Mathias John      1190         Porter William S         1110
 Portner David John       1170         Pounds Noah Paul         1110
 Powers Mckenna Rose      1110         Prescott Carter Barratt  1310
 Pressel Adam Jay         1460         Prieto Gary William      1310
 Prikasky Joseph I        3100         Prince Jason Corey       1110
 Prins Dalton B           1310         Propps Jarred Spencer    2900
 Provence Cory Jameson    1390         Pruitt Spencer Wayne     1120
 Pryde Julian G           1820         Puls Ethen Preston       1810
 Purdy Jeffrey N          1310         Quam Andrew A            1310
 Raboin Matthew           1120         Radovan Carter J         1310
 Rafferty Brittany Nicole 2300         Ragan Timothy John       1800
 Rainey William M         1310         Rains Rosie P            1110
 Ramirez Miriam           1110         Ramirez Phillip M        1830
 Ramsey Nicholas Patrick  1170         Randall Dean Joseph      3100
 Ranzau Emily Grace       1310         Rappaport Bracha T       1810
 Rarick James Kim         6180         Ratliff Joshua C         3100
 Ray Jack Francis         1120         Rea Ryan Roy             1130
 Redito Luke Hannan       1310         Redlon Alexander Louis   1310
 Redwine Shea A           1110         Reed Joseph Leonard III  1320
 Rees Casey Morgan        1110         Reichel David Allen      2900
 Reilly Sarah Grace       1120         Reilly Shane P           1110
 Reiser Alexander William 1310         Rennard Nathaniel S      1110
 Reuwer Michael B         1810         Reyes Kimjonathan R      1110
 Reyes Stanley R          1310         Reynolds Dustin B        1320
 Rhodes Austin Douglas    1170         Rhodes Kate Lee          1810
 Rial Liam A              1130         Richards Michael A Jr    1810
 Richards Morgen Andrej   1110         Richards Sean Robert     1310
 Richardson Eleyna Hana   1320         Richardson Jordan Spence 1170
 Riley April Meshaun      2900         Riley Dennis Joseph      1110
 Rios Sicily Renee        1110         Rioux Cody J             1120
 Rittenhouse William Helm 1190         Ritter William C         1310
 Rivera Armando Andres    1170         Rizzardi Benjamin J      1110
 Roach Darren Duke        1130         Robbins William Deforest 1110
 Roberts Christina Marie  5100         Roberts Stephen Mark     1120
 Robertson Bret David     1310         Robertson Caleb Thomas   1130
 Robertson Connor J       1110         Robertson Grant M        1310
 Robinson Jessica Scott   1160         Robinson John Norris     1170
 Robinson Lindsay Beth    2900         Rodriguez Andres Eduardo 1110
 Rogers Alan Wayne        1110         Rogers Andrew S          1130
 Rogers Austin Bruce      1310         Rohrbaugh Briannah D     1110
 Rojo Kristine Theresa    1810         Romero Michael A         1110
 Ros Jose Rafael          1120         Roscoe Jon Thomas        1310
 Rose Hannah Ashley       1320         Ross Connor A            1320
 Rossen Travis M          1110         Rouleau Elizabeth F      1320
 Rouser Abigail Noel      1110         Rowe Justin Keith        1830
 Rowell Carly Grace       1310         Ruby Cori Sullivan       1110
 Ruby Jacob Thomas        1110         Ruiz Matthew Ray         1120
 Rummelhoff Ty A          1110         Ruud Margaret Celeste    1460
 Ryan Charles E           1310         Sabatino Ryan S          1310
 Sabelstrom Erik C        1310         Sachner Walker Elliott   1130
 Sailer Matthew W         1800         Salinas Maribeth A       1310
 Salisbury Daniel P       1110         Salmon Charles Michael   1830
 Sam Scott D              1200         Samoluk John M           1810
 Sanchez Agustin Alberto  1110         Sandlin Searra D         1110
 Sands Lily A             1110         Sansone Andrew James     2300
 Santee Thomas E          1310         Santos Ryan Matthew      1310
 Sarant Louise S          1320         Sarant Thomas William    1110
 Sartin Coby L            1310         Sauter James Alexander   1110
 Sava Natalie Louise      1320         Savage Kayla M           1310
 Savage Thomas Lawson     1110         Savitt Christine Marie   1320
 Savitt Ryan Allen        1310         Sayles Tyler Wyatt       1120
 Scalzo Maya Michiko      1110         Schiff Austin D          1310
 Schlitt Anthony Michael  1170         Schneider Anthony N      1120
 Schneider Delaney E      1320         Schober Austin Hunter    1310
 Schoeppner Lauren Renee  2300         Scholz Zachary Taylor    1170
 Schrock Luca Michael     1110         Schultz Maria Elizabeth  1320
 Schutta Andrew John      1310         Sciarrilla Kelli M       1110
 Scoggins Matthew Kenneth 1310         Scott Craig Steven       1110
 Seals Aaron Matthew      1320         Seckinger Daniel L. IV   1170
 Seiter Andrew J          1310         Senoyuit Catherine A     2900
 Sensenig Matthew Lamar   1170         Serdan Megumi O          1110
 Serrato Scott Anthony    1810         Sessamen David Andrew    1810
 Sevier Parker D          1170         Shamrakov Joshua Alvin   3100
 Shank James E            1120         Shapiro Dylan M          2900
 Shapiro Logan G          1120         Sharp Jessie Elizabeth   1320
 Sharpe Alec C            1310         Sharpe Timothy C         1170
 Shaunak Samuel Kumar     1310         Shawcross Evan Joseph    1130
 Shea Ryan W              1320         Sheckley Levi Andrew     2900
 Sheeks Cady Jane         1110         Shepherd Ashley K        1110
 Sherbinin Artem Maksym   1110         Sheryll Emily Ebersole   1830
 Shockley Jeremy N        1110         Shultz Brady J           1110
 Shurtleff Clark Anthony  1220         Siddiquee Precious R     1110
 Sikora Andrew Joseph     1190         Silva Kyle A             1120
 Silverstein Rosie Hana   1310         Simmons Brandon          2900
 Simmons Patrick William  3100         Simpson Jacob Daniel     1110
 Sims Joseph Walkertodd   1110         Sims Matthew Ryan        1320
 Singley Thomas J         1110         Sison Carlito J          1800
 Sivells Lynette Vanessa  1110         Skipworth Courtney S     2900
 Skirpan Zachary Goehring 1170         Skowronski Matthew J     1320
 Skyberg Chadrick David   1800         Slaughter Ryan P         1110
 Smallwood Kelsey A       1320         Smart Benjamin T         1310
 Smart Nathan William     1110         Smith Andrew M           1310
 Smith Blake Sharlene     1110         Smith Elaine B           2900
 Smith James Christopher  1120         Smith Justin V           1810
 Smith Kabresha Shonte    2900         Smith Madeline S         1310
 Smith Nathan Wayne       1520         Smith Patrick F          1110
 Smith Peter Anthony      2900         Smith Timothy Justice    1110
 Smith Timothy Tyler      1120         Smithdileo Vincent M     1170
 Snipessoward Ruth V      1110         Snodgrass Nash A         1120
 Snyder Hannah M          1110         Snyder Kellyanne Marie   1800
 Sobeck Zoe Scott         1310         Sorenson Christian A     1170
 Sotillo Mariza Angelica  1830         Sottile Stephanie Liane  2900
 Southerland Garrett Paul 1310         Speirs Elliott Whitney   1110
 Spencer Sean William     1110         Spivey Dmia N            1110
 Spratt Abbey Lynn        3100         Staats Matthew J         1320
 Stamm William Robert     1120         Steadman Dustin W        1110
 Steber Calvin Lee        1120         Steinlauf Adeana Karima  1200
 Stenglein Amalie Ann     1830         Stenzel Madison K        1310
 Sterkenburg Jacob Ryan   1160         Stern Jeffery Michael    6130
 Stevens Camri Mckayla    1110         Stewart Chase Talmage    1310
 Stewart Noah Martin      3100         Stiker Christian K       1390
 Stiker Tanner D          1110         Stilwell Andrew K        1110
 Stinson Shelby Renae     2900         Stipe Donald Aleksandr   1310
 Stitt Daniel James       1120         Stoermer Eric Scott      1130
 Stone Stephen B          2900         Stone Thomas Elliott     1120
 Stovallkurtz Nicholas P  1170         Street Nicholas D        1310
 Stromback Reagan G       1310         Struthers Dylan Casey    1310
 Stubbs Imani J           1320         Stuckey Emilie Virginia  1110
 Sturgeon Adam D          1310         Suarez Juan Esteban      1310
 Sullivan Veronica F      1110         Summers Benjamin M       1170
 Surman Christopher Andre 6130         Swartwood Mitchell K     1130
 Swartz Tyler Luke        1310         Swenson Finn O           1110
 Switzer William Matthew  1170         Sydlowski Justin T       1310
 Syson Michael Paul       1120         Ta Edward                1170
 Taff Carson Bryce        1310         Taglialavore Nicholas J  1120
 Tamez Andrew Joel        1810         Tate Brandon Alexander S 1320
 Taylor Christopher A     1110         Taylor Michael Edward    1120
 Taylor William E IV      1310         Templin Reed Arnold      1110
 Teneyck Joshua Anthony   1110         Tereo Michael Barrett    1110
 Termonfils Nicole Esther 2300         Tettambel Amalia         1220
 Tevebaugh Thomas W       1310         Thomas Joshua E          1110
 Thomas Kojiro Deryl      6490         Thomas Michael Zecariah  1110
 Thomas Suzelle M         1310         Thompson Jerry Rashaan   1110
 Thompson Timothy John    3100         Thoren Zachary L         1310
 Thornton Grant Dayton    1310         Thyberg Robert C. II     1310
 Tiemann Camille E        1110         Timberlake James Wyman   1110
 Tisdall Michael P        1110         Tobie Brian Richard      1170
 Tobin Katherine Anne     2900         Tomellini Joseph J       1310
 Toms Suzanne Lili        1310         Toro Juan S              1310
 Towers William R         1310         Tran Michelle Leuyen     1160
 Tran Nathan Quang        1310         Treglia Francesca Ann    1160
 Trent Sean Francis       5100         Trezza John Gregory      1810
 Trias Jordan N           1650         Trotter Lauren Elizabeth 1320
 Truett Colman Elijah     1170         Trzcinski David J        1110
 Tse Christy Wingyan      1110         Tu Lawrence              1320
 Tuan Simic               1310         Tumelty Matthew James    1310
 Tyra Zachary Wayne       1310         Tyson Kole J             1110
 Ubietosamayoa Andres     1110         Uhrich George Thomas     1130
 Ulmer Julia A            1310         Umbehr Julianna Sabrina  2900
 Underhill Gregory Kiel   1170         Unger Haley Reece        1110
 Urbaczewski Hannah J     1170         Urquilla Carlos A        1110
 Usherwood Holden W       1320         Vandenboomen Matthew K   5100
 Vanos Warner D           1110         Vanpatten Calvin Jesse   1110
 Varello Joseph Paul Jr   1160         Varon Alexander Tomas    1820
 Vasconez Tyler John      1310         Vaske Dominick A         1120
 Vaughn Zachary Marshall  1800         Vause Stephanie V        1110
 Vega Santiago            1830         Velez Jessica Kristen    1320
 Verges Amelia U          1320         Vernon Caitlyn Mae       1110
 Veurink Camden John      1170         Villalobossoto Gabriel E 1320
 Villalvalijo Jaime Luis  1130         Virella Miguel A         1110
 Vogel Eryn Ashley        1170         Vogel Matthew Philip     1110
 Vogeler Paul Robert      1310         Volkir Shearing A        1170
 Vonrinteln David A Jr    1170         Waddingham Matthew C     1170
 Wade Andrew Christopher  1210         Wade Parker Wyatt        3100
 Wagner Nathan W          1310         Wakeham Francis T        1320
 Walker Jasmine N         1110         Walker John C            1170
 Walker Nickolaus Greer   2900         Walsh Nicholas P         1110
 Walsh Patrick Thomas     3100         Walters Daniellerae M    2900
 Walters Milton R. III     6490        Wardell Raymond Patrick  1110
 Warren David Shepherd    1310         Wasielewski Katherine M  1110
 Watson Jerrod C          1320         Watts Caroline Margaret  1310
 Webbmartin Brittany V    1110         Weckenbrock Victoria A   1310
 Weddle Yasmine           1110         Weigelt Gabriel Brighton 1310
 Weisner Daniel B         1310         Weitzman Samuel J        1110
 Weldon Nicole D          2900         Weltherburchett Jacob S  5100
 Wenholz Timothy H        1110         Weseman Abby Cottrill    1110
 Weseman Zachary A        1110         Westerbeke Rachel L      1120
 Westerhoff Christian B   1110         Whearty Justina K        2900
 Whiteman Jason D Jr      1310         Whitfield Brady Scott    1110
 Whitfield Erin Elizabeth 1310         Whyte Alissa Renee       1310
 Wiener Della E           1110         Wilding Corey James      1130
 Wilkerson Carter James   1310         Will Adam P              1120
 Williams Brett M         1320         Williams Chantz L        1110
 Williams Paul Anthony    1840         Wilson Paul William      6180
 Wilson Russell W         1310         Wilson Zachary F         1320
 Windham Tanner Matthew   1310         Winebarger Kailey M      1820
 Winn Amelia Maeve        1310         Winston Jordan Kayla     2300
 Winston Tomi Shea        2900         Wise Kelli Michelle      1320
 Wise William P           1310         Wisegarver Andrew James  1310
 Wismer Alexandra H       1160         Wolff Jacob Andrew       5100
 Wolff William Kirk       1110         Wood Catherine L         1310
 Wood Christopher Austin  1310         Woodworth Michael W      1110
 Wooten Tyris Jahleel     1110         Wormley Shanice          1320
 Wright David L IV        1120         Wuelzer Jennifer Sarita  1520
 Xie Jammie Tianzhe       1800         Xie Yunfeng              1160
 Xu Joshua                1170         Yaeger Craig M           1120
 Yaeger Thomas O          1120         Yip Catherine Marie      1320
 Yo Steffi Seulki         1110         Yoder Graydon E          1120
 Yohe Taylor James        1130         Yoon Jacob J             1310
 Yosten Harrison John     1170         Young Alexander August   1160
 Young Cameron Cornelius  1310         Young Christopher M      6120
 Yuen Jaymes              1310         Yusko Scott Michael      2900
 Yutakom Netdao           1200         Zalar Lucas John         1310
 Zeccola Donald V II      1830         Zepeda Kurt Manuel       1120
 Zezeski Julie Elizabeth  1310         Zhang Andrew G           1110
 Zimmerman Tyler John     1310
              PERMANENT PROMOTION TO CHIEF WARRANT OFFICER, W-5
                          DOR/EFF DATE 01 JUNE 2022
 Dickson Clement Philbert 7363         Swann Dayton Edwin       7811
 Theodorou Joseph Christo 7201         Thomas Gerald Antonio    7131
 Vollmer Christopher Robi 7531
              PERMANENT PROMOTION TO CHIEF WARRANT OFFICER, W-4
                          DOR/EFF DATE 01 JUNE 2022
 Cortes Elden Coelho      7151         Espiritu Emmanuel F      7131
 Haywood Todd Lamar       7411         Overmann Joseph Russell  7321
 Pohlman Jared Lee        7331         Sisson Arthur Jackson    7331
 Taylor Marcus Anthony    7131         Veilleux Jacob Michael   7181
 Williams Jessie J. III   7821         Wint Horace Christopher  7821
              PERMANENT PROMOTION TO CHIEF WARRANT OFFICER, W-3
                          DOR/EFF DATE 01 JUNE 2022
 Amoako Pearl             7521         Beasley Jimmie D. Jr     7121
 Bowman Andrew Lane       7181         Burkhalter Isaac Charles 7111
 Burston David Timothy    7521         Cannon Misty Shinee      7521
 Corker Elton Dexter II   7411         Dacy Ryan Michael        7811
 Davenport Mario Michael  7121         Dearing Christifer Micha 7181
 Dillon Brian Christopher 7151         Emery Joshua Michael     7811
 Ford Andraia Lenesha     7411         Gossett Kenneth Allen    7131
 Hoegg Joseph Alexander   7201         Hubbard Brian Lee        7821
 Jones Albert Leedevault  7131         Judd Samuel Ellis        7321
 Marin Alexander          7151         Morrison Ian Devin       7811
 Munoz Jose Luis          7821         Nascimento Thomas Edward 7361
 Olesen Martin Stevens    7181         Ortiz Franklyn           7821
 Pierson Darren Lenard Jr 7811         Sanchez Marlena Crystal  7361
 Smith Clint Allen        7811         Soriano Antonio Lagsa    7131
 Springfield Ryan Thomas  7331         Stalcup Robert Edward Jr 7821
 Superales Jayvenyl Magsa 7331         Washington Bakari Sanyik 7111

2.  If a selected officer does not decline promotion in writing
prior to the projected date of rank (noted above in paragraph 1),
that officer is considered to have accepted the promotion on the
date indicated.  An officer who chooses to decline promotion must
submit the declination in writing to COMNAVPERSCOM (PERS-806) within
thirty (30) days of the release of this NAVADMIN.

3.  The commanding officer (CO), the Secretary of the Navy, or his
designee, has the authority to delay projected promotions.  Upon the
exercise of a delay, the officer shall be notified in writing before
the effective date of the promotion, and not be tendered the
promoting appointment.  The delay authority will immediately forward
the notification of delay with supporting documentation to
COMNAVPERSCOM (PERS-83), copy to COMNAVPERSCOM (PERS-806).

4.  COs are reminded of their responsibility to ensure the officers
they are promoting are mentally, physically, morally and
professionally qualified in accordance with title 10, U.S. Code 624.
Per reference (a), officers are ineligible for promotion if they
have failed the most recent Physical Fitness Assessment.  COs shall
verify the promoting officer's information in the Physical Readiness
Information Management System to ensure compliance with reference
(a), as modified by reference (b), and delay the officers promotion
in accordance with paragraph 3 of this NAVADMIN, if required.

5.  Prepare a Delivery of Permanent Appointment (NAVPERS form
1421/7) (Rev 10-13).  Use this NAVADMIN as reference (a).  Use
section 624 of title 10, U.S. Code as reference (b), for permanent
lieutenants and above.  Use section 578 of title 10, U.S. Code as
reference (b), for chief warrant officers.  Use sections 624 and
8139 of title 10, U.S. Code as reference (b), for limited duty
officer promotion to lieutenant.  Mail the completed form to
COMNAVPERSCOM (PERS-806) or email via MNCC at askmncc(at)navy.mil.

6.  Officers should review reference (c) and
https://www.mynavyhr.navy.mil/Career-Management/Retirement/Officer-
Retirements/Officer-Retirement-Laws/ for minimum time-in-grade (TIG)
requirements for purposes of voluntary retirement (NOTE: TIG
requirements for active-duty LCDR voluntary retirements changed with
NDAA-2021; Update to reference (c) is pending).  Full time support
officers and those officers temporarily on active-duty anticipating
release from active-duty under reference (d) may accept promotion
without incurring any additional active-duty obligation.

7.  New photographs are required for all officers within three
months after acceptance of promotion.  See reference (e), for
specific requirements.

8.  Released by Vice Admiral John B. Nowell, Jr, N1.//

BT
#0001
NNNN

CLASSIFICATION: UNCLASSIFIED

